topo,z,corr,L,regime,b,theta,net_realization,rho_mean,rho_std,seconds
BA,4,corr,1,coop,1.0,0.0,0,0.9978172,0.015403027977274,2.8446006774902344
BA,4,corr,1,coop,1.0,0.0,1,1.0,0.0,2.537987232208252
BA,4,corr,1,coop,1.0,0.0,2,0.9923463,0.053850985578612,2.77474594116211
BA,4,corr,1,coop,1.0,0.0,3,1.0,0.0,2.578904151916504
BA,4,corr,1,coop,1.0,0.0,4,1.0,0.0,2.5184829235076904
BA,4,corr,1,coop,1.0,0.0,5,0.9829079,0.054728298910217,2.781867027282715
BA,4,corr,1,coop,1.0,0.0,6,1.0,0.0,2.5580930709838867
BA,4,corr,1,coop,1.0,0.0,7,1.0,0.0,2.484989881515503
BA,4,corr,1,coop,1.0,0.0,8,1.0,0.0,2.524721145629883
BA,4,corr,1,coop,1.0,0.0,9,0.9891212,0.0209951704537934,2.6123781204223633
BA,4,corr,1,defect,2.0,0.8,0,0.5699809,0.065862455117702,3.9609367847442623
BA,4,corr,1,defect,2.0,0.8,1,0.6173729000000001,0.0380485136437016,4.777168273925781
BA,4,corr,1,defect,2.0,0.8,2,0.5658491999999999,0.0508933230460211,4.627897262573242
BA,4,corr,1,defect,2.0,0.8,3,0.6227994,0.0710689794498303,4.2766008377075195
BA,4,corr,1,defect,2.0,0.8,4,0.5872599999999999,0.0375177440040244,4.115900039672852
BA,4,corr,1,defect,2.0,0.8,5,0.5310118,0.1012389866251578,4.207756042480469
BA,4,corr,1,defect,2.0,0.8,6,0.5818892,0.0206279484176006,3.9386589527130127
BA,4,corr,1,defect,2.0,0.8,7,0.6527388000000001,0.0289195538783926,4.086982011795044
BA,4,corr,1,defect,2.0,0.8,8,0.5889274999999999,0.0220348038465414,4.453639984130859
BA,4,corr,1,defect,2.0,0.8,9,0.6361397000000001,0.0611556206598619,3.725867986679077
BA,4,corr,1,bistable,2.0,0.3,0,0.6294080999999999,0.1327672226549348,4.092996835708618
BA,4,corr,1,bistable,2.0,0.3,1,0.7238694,0.1760245817017405,4.098551988601685
BA,4,corr,1,bistable,2.0,0.3,2,0.6368446999999999,0.1540147279750947,4.542019844055176
BA,4,corr,1,bistable,2.0,0.3,3,0.6904604000000001,0.1506173999896304,4.313388109207153
BA,4,corr,1,bistable,2.0,0.3,4,0.6980578,0.1813548415529816,3.8236920833587646
BA,4,corr,1,bistable,2.0,0.3,5,0.6251296000000001,0.2062231923976221,4.400201320648193
BA,4,corr,1,bistable,2.0,0.3,6,0.6731324999999999,0.1658463568839142,3.6161019802093506
BA,4,corr,1,bistable,2.0,0.3,7,0.735207,0.1400026929647202,3.776199340820313
BA,4,corr,1,bistable,2.0,0.3,8,0.7175573999999999,0.1863716426907063,3.502139091491699
BA,4,corr,1,bistable,2.0,0.3,9,0.7061918999999997,0.138061604626743,3.391662836074829
BA,4,corr,4,coop,1.4,0.4,0,0.9978072,0.0154703584334884,20.273671865463257
BA,4,corr,4,coop,1.4,0.4,1,1.0,0.0,20.676709175109863
BA,4,corr,4,coop,1.4,0.4,2,0.9866872,0.0734147649680439,22.8627450466156
BA,4,corr,4,coop,1.4,0.4,3,0.9979442,0.020558,20.124263048171997
BA,4,corr,4,coop,1.4,0.4,4,1.0,0.0,20.12377119064331
BA,4,corr,4,coop,1.4,0.4,5,0.9890852,0.0494116345944245,22.911016941070557
BA,4,corr,2,coop,1.0,0.0,0,0.9978172,0.015403027977274,3.6694860458374023
BA,4,corr,2,coop,1.0,0.0,1,1.0,0.0,3.513225793838501
BA,4,corr,2,coop,1.0,0.0,2,0.9923463,0.053850985578612,3.9268600940704346
BA,4,corr,2,coop,1.0,0.0,3,1.0,0.0,3.4699580669403076
BA,4,corr,2,coop,1.0,0.0,4,1.0,0.0,3.4099788665771484
BA,4,corr,2,coop,1.0,0.0,5,0.9829079,0.054728298910217,3.734570026397705
BA,4,corr,2,coop,1.0,0.0,6,1.0,0.0,4.815969944000244
BA,4,corr,2,coop,1.0,0.0,7,1.0,0.0,4.09478235244751
BA,4,corr,2,coop,1.0,0.0,8,1.0,0.0,3.3977198600769043
BA,4,corr,2,coop,1.0,0.0,9,0.9891211999999999,0.020995170453793472,3.470327138900757
BA,4,corr,2,defect,2.0,0.6,0,0.5672502,0.06677131739169316,5.074800252914429
BA,4,corr,2,defect,2.0,0.6,1,0.6148959000000002,0.03920641743220985,5.897399187088013
BA,4,corr,2,defect,2.0,0.6,2,0.5555176000000001,0.07394237680187939,6.063010215759277
BA,4,corr,2,defect,2.0,0.6,3,0.608355,0.11288029491814805,5.596374988555908
BA,4,corr,2,defect,2.0,0.6,4,0.5893875999999999,0.03648515096099321,5.35529088973999
BA,4,corr,2,defect,2.0,0.6,5,0.5370026000000001,0.09714466436914554,5.510425090789795
BA,4,corr,2,defect,2.0,0.6,6,0.581554,0.022066315157870487,4.796467065811157
BA,4,corr,2,defect,2.0,0.6,7,0.6546972000000001,0.02865789957834357,5.187680959701538
BA,4,corr,2,defect,2.0,0.6,8,0.5903400999999999,0.026420958335833324,4.92445182800293
BA,4,corr,2,defect,2.0,0.6,9,0.6365189000000001,0.06014991449644205,4.634105205535889
BA,4,corr,2,bistable,2.0,0.4,0,0.7976389999999999,0.20206071793979016,4.2971367835998535
BA,4,corr,2,bistable,2.0,0.4,1,0.8525998999999999,0.1869501003454714,4.462456941604614
BA,4,corr,2,bistable,2.0,0.4,2,0.7688336,0.22997928054904984,4.875017881393433
BA,4,corr,2,bistable,2.0,0.4,3,0.7789980000000001,0.19446914831007114,4.652069807052612
BA,4,corr,2,bistable,2.0,0.4,4,0.7916515,0.22358023793868093,4.3086841106414795
BA,4,corr,2,bistable,2.0,0.4,5,0.7464138,0.23091267635750498,4.826095104217529
BA,4,corr,2,bistable,2.0,0.4,6,0.8061515,0.21116577411198323,4.127535820007324
BA,4,corr,2,bistable,2.0,0.4,7,0.8575362,0.17285290722729918,4.1212358474731445
BA,4,corr,2,bistable,2.0,0.4,8,0.8760380999999999,0.19087732863612336,3.706214189529419
BA,4,corr,2,bistable,2.0,0.4,9,0.8295901999999999,0.16227210672250977,4.016240119934082
BA,4,corr,3,coop,1.8,0.3,0,0.9987955,0.012045000000000038,8.657199144363403
BA,4,corr,3,coop,1.8,0.3,1,1.0,0.0,9.198853015899658
BA,4,corr,3,coop,1.8,0.3,2,0.948445,0.1504008211044371,10.906677961349487
BA,4,corr,3,coop,1.8,0.3,3,1.0,0.0,8.755254983901978
BA,4,corr,3,coop,1.8,0.3,4,1.0,0.0,8.905432939529419
BA,4,corr,3,coop,1.8,0.3,5,0.9877562000000001,0.0489027893852341,9.500166893005371
BA,4,corr,3,coop,1.8,0.3,6,1.0,0.0,9.154122114181519
BA,4,corr,3,coop,1.8,0.3,7,1.0,0.0,8.747011661529541
BA,4,corr,3,coop,1.8,0.3,8,1.0,0.0,8.24861216545105
BA,4,corr,3,coop,1.8,0.3,9,0.9885464999999999,0.019572021329934124,9.003405094146729
BA,4,corr,3,defect,2.0,0.7,0,0.5676273000000001,0.06675734628140453,13.075124025344849
BA,4,corr,3,defect,2.0,0.7,1,0.6149922000000001,0.03914203185499411,15.727490901947021
BA,4,corr,3,defect,2.0,0.7,2,0.5527355,0.09329606360177185,16.366803884506226
BA,4,corr,3,defect,2.0,0.7,3,0.610682,0.12942977107452536,14.060152053833008
BA,4,corr,3,defect,2.0,0.7,4,0.5904989999999999,0.035459267298884455,13.635836839675903
BA,4,corr,3,defect,2.0,0.7,5,0.5310165,0.10165192748971233,13.918856859207153
BA,4,corr,3,defect,2.0,0.7,6,0.5817268,0.022617292922706613,12.954699993133545
BA,4,corr,3,defect,2.0,0.7,7,0.6528754000000001,0.02758761138370966,13.546087980270386
BA,4,corr,3,defect,2.0,0.7,8,0.5875628999999999,0.02456912952972664,12.921801805496216
BA,4,corr,3,defect,2.0,0.7,9,0.6377793000000002,0.0585216342324992,11.69705080986023
BA,4,corr,3,bistable,2.0,0.5,0,0.6132694,0.158939872487375,11.714790105819702
BA,4,corr,3,bistable,2.0,0.5,1,0.7028478999999999,0.16252528701647592,14.766273021697998
BA,4,corr,3,bistable,2.0,0.5,2,0.6272372,0.1737972708813869,15.788777351379395
BA,4,corr,3,bistable,2.0,0.5,3,0.6830614000000002,0.15668561908587283,14.08247184753418
BA,4,corr,3,bistable,2.0,0.5,4,0.6624645,0.17297938896532783,14.217456817626953
BA,4,corr,3,bistable,2.0,0.5,5,0.6187323,0.19751324693001832,12.80043888092041
BA,4,corr,3,bistable,2.0,0.5,6,0.6559349999999999,0.16299164155615994,12.197384119033813
BA,4,corr,3,bistable,2.0,0.5,7,0.7060368000000002,0.12670554632874065,12.563724994659424
BA,4,corr,3,bistable,2.0,0.5,8,0.6648662000000001,0.1595261932438328,11.095866203308105
BA,4,corr,3,bistable,2.0,0.5,9,0.7033563999999999,0.14923572820463493,11.513309955596924
BA,4,corr,4,coop,1.4,0.4,6,0.9999223,0.0007770000000000053,20.758020877838135
BA,4,corr,4,coop,1.4,0.4,7,1.0,0.0,20.27434277534485
BA,4,corr,4,coop,1.4,0.4,8,1.0,0.0,19.33794093132019
BA,4,corr,4,coop,1.4,0.4,9,0.9865093999999998,0.02570697141699787,20.8626229763031
BA,4,corr,4,defect,2.0,0.7,0,0.5675243000000001,0.06641312769180564,29.47708797454834
BA,4,corr,4,defect,2.0,0.7,1,0.6131973000000002,0.04028876711023343,35.09934592247009
BA,4,corr,4,defect,2.0,0.7,2,0.5533258999999999,0.09459535158561473,35.8621129989624
BA,4,corr,4,defect,2.0,0.7,3,0.6127138000000001,0.11429949710274055,31.867516040802002
BA,4,corr,4,defect,2.0,0.7,4,0.5874187000000001,0.03669491035235917,31.52577304840088
BA,4,corr,4,defect,2.0,0.7,5,0.5403783,0.09389444188168287,33.20592284202576
BA,4,corr,4,defect,2.0,0.7,6,0.5804228,0.022271239826151094,29.56001877784729
BA,4,corr,4,defect,2.0,0.7,7,0.6540277,0.02784832395642183,31.624598026275635
BA,4,corr,4,defect,2.0,0.7,8,0.5894614,0.025384569122507358,30.543890953063965
BA,4,corr,4,defect,2.0,0.7,9,0.6367135,0.06128775307943055,27.585279941558838
BA,4,corr,4,bistable,2.0,0.5,0,0.7498239000000001,0.2212579778389101,24.69241189956665
BA,4,corr,4,bistable,2.0,0.5,1,0.7883861999999999,0.19034546581179995,28.651818990707397
BA,4,corr,4,bistable,2.0,0.5,2,0.7096111999999999,0.2363757750550781,30.741240739822388
BA,4,corr,4,bistable,2.0,0.5,3,0.7522823,0.19212411059108153,29.60237693786621
BA,4,corr,4,bistable,2.0,0.5,4,0.7311761,0.2156826144770752,28.797176122665405
BA,4,corr,4,bistable,2.0,0.5,5,0.7301928,0.24276844528567595,27.272406101226807
BA,4,corr,4,bistable,2.0,0.5,6,0.717363,0.21265089778861274,26.02388906478882
BA,4,corr,4,bistable,2.0,0.5,7,0.8179964000000001,0.1768722351378719,25.25953507423401
BA,4,corr,4,bistable,2.0,0.5,8,0.7889583000000002,0.20858136283312378,24.222336053848267
BA,4,corr,4,bistable,2.0,0.5,9,0.7702423999999998,0.1811675008545931,25.315011978149414
BA,4,uncorr,1,coop,1.0,0.0,0,0.9978172000000001,0.015403027977274077,2.490102767944336
BA,4,uncorr,1,coop,1.0,0.0,1,1.0,0.0,2.4996979236602783
BA,4,uncorr,1,coop,1.0,0.0,2,0.9923462999999999,0.053850985578612016,2.77532696723938
BA,4,uncorr,1,coop,1.0,0.0,3,1.0,0.0,2.542180061340332
BA,4,uncorr,1,coop,1.0,0.0,4,1.0,0.0,2.4856760501861572
BA,4,uncorr,1,coop,1.0,0.0,5,0.9829079000000001,0.054728298910217035,2.789797782897949
BA,4,uncorr,1,coop,1.0,0.0,6,1.0,0.0,2.524137020111084
BA,4,uncorr,1,coop,1.0,0.0,7,1.0,0.0,2.4815518856048584
BA,4,uncorr,1,coop,1.0,0.0,8,1.0,0.0,2.4840056896209717
BA,4,uncorr,1,coop,1.0,0.0,9,0.9891211999999999,0.020995170453793472,2.52775502204895
BA,4,uncorr,1,defect,2.0,0.6,0,0.5684023,0.06000172628585638,3.8434197902679443
BA,4,uncorr,1,defect,2.0,0.6,1,0.6199994,0.03375317771257944,4.578608751296997
BA,4,uncorr,1,defect,2.0,0.6,2,0.558686,0.09633866087816449,4.515213966369629
BA,4,uncorr,1,defect,2.0,0.6,3,0.6236703,0.07122740595090453,4.167339086532593
BA,4,uncorr,1,defect,2.0,0.6,4,0.5779796,0.06803799885892643,4.216202974319458
BA,4,uncorr,1,defect,2.0,0.6,5,0.5337904,0.10585091608579503,4.212779998779297
BA,4,uncorr,1,defect,2.0,0.6,6,0.5827473000000001,0.0211743182951099,3.679757833480835
BA,4,uncorr,1,defect,2.0,0.6,7,0.6514962,0.027102148365400883,3.9082257747650146
BA,4,uncorr,1,defect,2.0,0.6,8,0.5907768,0.026261834537840815,3.9484357833862305
BA,4,uncorr,1,defect,2.0,0.6,9,0.6399547000000001,0.06029766892415384,3.6391489505767822
BA,4,uncorr,1,bistable,2.0,0.2,0,0.7059197,0.20272462106206435,3.3930649757385254
BA,4,uncorr,1,bistable,2.0,0.2,1,0.8428781,0.1902659746472678,3.2153420448303223
BA,4,uncorr,1,bistable,2.0,0.2,2,0.7061653999999998,0.22363116448773732,3.8901071548461914
BA,4,uncorr,1,bistable,2.0,0.2,3,0.7445181000000001,0.20999949016626424,3.6439578533172607
BA,4,uncorr,1,bistable,2.0,0.2,4,0.7565836,0.20574189436772525,3.4990978240966797
BA,4,uncorr,1,bistable,2.0,0.2,5,0.6932026,0.24853397846117012,3.837877035140991
BA,4,uncorr,1,bistable,2.0,0.2,6,0.7453,0.2051911900662601,3.1556882858276367
BA,4,uncorr,1,bistable,2.0,0.2,7,0.8032561000000001,0.17296012968425392,3.4538018703460693
BA,4,uncorr,1,bistable,2.0,0.2,8,0.7931113000000001,0.20471095597024733,3.2124719619750977
BA,4,uncorr,1,bistable,2.0,0.2,9,0.8022311999999999,0.17821622993624023,3.1355299949645996
BA,4,uncorr,2,coop,1.8,0.1,0,0.9950649999999999,0.028753791581338086,3.4383108615875244
BA,4,uncorr,2,coop,1.8,0.1,1,1.0,0.0,3.386082172393799
BA,4,uncorr,2,coop,1.8,0.1,2,0.9809772999999999,0.0901609396361346,3.9761221408843994
BA,4,uncorr,2,coop,1.8,0.1,3,0.9965837999999999,0.024488098893837035,3.520268201828003
BA,4,uncorr,2,coop,1.8,0.1,4,0.9980632,0.01936799999999999,3.522503137588501
BA,4,uncorr,2,coop,1.8,0.1,5,0.9898621,0.06684794773025927,3.9647159576416016
BA,4,uncorr,2,coop,1.8,0.1,6,0.9982858,0.01714199999999998,3.5062811374664307
BA,4,uncorr,2,coop,1.8,0.1,7,0.9979756000000001,0.020243999999999995,3.574235200881958
BA,4,uncorr,2,coop,1.8,0.1,8,1.0,0.0,3.3679909706115723
BA,4,uncorr,2,coop,1.8,0.1,9,0.9892869000000001,0.02175050417133067,3.5886099338531494
BA,4,uncorr,2,defect,2.0,0.6,0,0.5694994999999999,0.06196429981257454,4.9511260986328125
BA,4,uncorr,2,defect,2.0,0.6,1,0.6211867,0.03563924766108967,5.675695896148682
BA,4,uncorr,2,defect,2.0,0.6,2,0.5630056,0.09416342055354317,6.166610240936279
BA,4,uncorr,2,defect,2.0,0.6,3,0.6222253999999999,0.07302830662507007,5.948752164840698
BA,4,uncorr,2,defect,2.0,0.6,4,0.5776344,0.06866313287935587,5.372797966003418
BA,4,uncorr,2,defect,2.0,0.6,5,0.5355906,0.09779997654272506,5.7911810874938965
BA,4,uncorr,2,defect,2.0,0.6,6,0.5826013,0.021427524291966822,4.8723671436309814
BA,4,uncorr,2,defect,2.0,0.6,7,0.6514634000000001,0.02501859842419458,5.173609972000122
BA,4,uncorr,2,defect,2.0,0.6,8,0.5906378,0.02647989966031222,4.868539810180664
BA,4,uncorr,2,defect,2.0,0.6,9,0.6388386000000001,0.06192953021920735,4.933283805847168
BA,4,uncorr,2,bistable,2.0,0.3,0,0.7069438000000001,0.21394138567043514,4.225988864898682
BA,4,uncorr,2,bistable,2.0,0.3,1,0.7646374999999999,0.18755421048716725,4.82935905456543
BA,4,uncorr,2,bistable,2.0,0.3,2,0.7245883000000001,0.22771415494814432,4.892493009567261
BA,4,uncorr,2,bistable,2.0,0.3,3,0.7467394000000002,0.18539543590984656,4.661144971847534
BA,4,uncorr,2,bistable,2.0,0.3,4,0.7109296,0.19782532765155333,4.817671060562134
BA,4,uncorr,2,bistable,2.0,0.3,5,0.6756501,0.2284274825869252,4.981651067733765
BA,4,uncorr,2,bistable,2.0,0.3,6,0.7369225,0.2034055168464854,4.300721883773804
BA,4,uncorr,2,bistable,2.0,0.3,7,0.7888235,0.1711528153102845,4.705723285675049
BA,4,uncorr,2,bistable,2.0,0.3,8,0.7848526000000001,0.20859831754369598,4.233510732650757
BA,4,uncorr,2,bistable,2.0,0.3,9,0.7466564,0.17682804300497612,4.369338274002075
BA,4,uncorr,3,coop,1.6,0.2,0,0.9903393,0.04948469497611144,8.751083850860596
BA,4,uncorr,3,coop,1.6,0.2,1,0.9989985,0.006033389146736691,8.941787958145142
BA,4,uncorr,3,coop,1.6,0.2,2,0.9903522000000001,0.047823955866355024,10.987780809402466
BA,4,uncorr,3,coop,1.6,0.2,3,0.9976855,0.012011892539218645,9.580724000930786
BA,4,uncorr,3,coop,1.6,0.2,4,0.9998383,0.0016170000000000021,9.224453926086426
BA,4,uncorr,3,coop,1.6,0.2,5,0.9776739000000001,0.07151221780043862,10.969810009002686
BA,4,uncorr,3,coop,1.6,0.2,6,0.9982985,0.009217180748992486,9.212618112564087
BA,4,uncorr,3,coop,1.6,0.2,7,0.9985342,0.006260838389012673,9.764597177505493
BA,4,uncorr,3,coop,1.6,0.2,8,0.9998248,0.0017520000000000213,8.586493015289307
BA,4,uncorr,3,coop,1.6,0.2,9,0.9873252999999999,0.024637548024029687,10.013504981994629
BA,4,uncorr,3,defect,2.0,0.6,0,0.5723319,0.061891187729560974,12.788459777832031
BA,4,uncorr,3,defect,2.0,0.6,1,0.6203248,0.03670131479988701,15.154874801635742
BA,4,uncorr,3,defect,2.0,0.6,2,0.5623167,0.07724898238099316,17.11361789703369
BA,4,uncorr,3,defect,2.0,0.6,3,0.6198224,0.07205234920878742,16.571736097335815
BA,4,uncorr,3,defect,2.0,0.6,4,0.5817931000000001,0.06725861441871409,13.981343984603882
BA,4,uncorr,3,defect,2.0,0.6,5,0.5403933,0.09614299004849308,16.06798005104065
BA,4,uncorr,3,defect,2.0,0.6,6,0.5822323,0.021506521109006013,13.303790807723999
BA,4,uncorr,3,defect,2.0,0.6,7,0.6521924,0.025206165636625717,15.39692997932434
BA,4,uncorr,3,defect,2.0,0.6,8,0.5958344,0.026213743034499817,12.929862260818481
BA,4,uncorr,3,defect,2.0,0.6,9,0.6433905000000002,0.059251494843266306,13.825990915298462
BA,4,uncorr,3,bistable,2.0,0.3,0,0.8201767000000001,0.21872012811475616,10.439469814300537
BA,4,uncorr,3,bistable,2.0,0.3,1,0.8594909,0.18541468462594698,11.03054404258728
BA,4,uncorr,3,bistable,2.0,0.3,2,0.8239609,0.2234229951771511,13.433552742004395
BA,4,uncorr,3,bistable,2.0,0.3,3,0.8207527,0.18863402972800067,12.178469181060791
BA,4,uncorr,3,bistable,2.0,0.3,4,0.8335698,0.20626410125032926,11.401098012924194
BA,4,uncorr,3,bistable,2.0,0.3,5,0.7729560999999999,0.2516076237378752,12.879520177841187
BA,4,uncorr,3,bistable,2.0,0.3,6,0.8123029000000002,0.20905746809007403,10.793466806411743
BA,4,uncorr,3,bistable,2.0,0.3,7,0.8614014,0.17166632716071165,12.104259014129639
BA,4,uncorr,3,bistable,2.0,0.3,8,0.9049544,0.17522414917810822,9.762120008468628
BA,4,uncorr,3,bistable,2.0,0.3,9,0.8177936999999998,0.1861502841366392,12.217082738876343
BA,4,uncorr,4,coop,1.4,0.0,0,0.9978117000000001,0.015442101969693915,20.08626890182495
BA,4,uncorr,4,coop,1.4,0.0,1,1.0,0.0,20.390424013137817
BA,4,uncorr,4,coop,1.4,0.0,2,0.9867985999999999,0.07022765224207869,23.667937994003296
BA,4,uncorr,4,coop,1.4,0.0,3,1.0,0.0,21.706554174423218
BA,4,uncorr,4,coop,1.4,0.0,4,1.0,0.0,21.335120916366577
BA,4,uncorr,4,coop,1.4,0.0,5,0.984695,0.05225876040812624,23.85957908630371
BA,4,uncorr,4,coop,1.4,0.0,6,1.0,0.0,20.908912897109985
BA,4,uncorr,4,coop,1.4,0.0,7,1.0,0.0,21.488516092300415
BA,4,uncorr,4,coop,1.4,0.0,8,1.0,0.0,19.72365689277649
BA,4,uncorr,4,coop,1.4,0.0,9,0.9880172999999999,0.02286414381590412,22.28226900100708
BA,4,uncorr,4,defect,2.0,0.6,0,0.5740522000000001,0.06177315448731052,28.952828884124756
BA,4,uncorr,4,defect,2.0,0.6,1,0.6228555,0.03392334794962182,35.86042618751526
BA,4,uncorr,4,defect,2.0,0.6,2,0.5603105,0.09460140342537475,35.610750913619995
BA,4,uncorr,4,defect,2.0,0.6,3,0.6118521,0.09493577528455112,35.27431511878967
BA,4,uncorr,4,defect,2.0,0.6,4,0.5799761,0.06830867417440224,32.251487016677856
BA,4,uncorr,4,defect,2.0,0.6,5,0.5433140000000001,0.09766341744517597,34.96044063568115
BA,4,uncorr,4,defect,2.0,0.6,6,0.5811005,0.02240016965912481,30.486300945281982
BA,4,uncorr,4,defect,2.0,0.6,7,0.6499022000000001,0.025869491784960168,33.79278087615967
BA,4,uncorr,4,defect,2.0,0.6,8,0.5940027,0.025820482663180332,29.266834020614624
BA,4,uncorr,4,defect,2.0,0.6,9,0.6416433,0.05899914721272062,34.22063326835632
BA,4,uncorr,4,bistable,2.0,0.4,0,0.6843255,0.18937800835694313,27.795904636383057
BA,4,uncorr,4,bistable,2.0,0.4,1,0.7298572,0.18096555527536506,30.013254165649414
BA,4,uncorr,4,bistable,2.0,0.4,2,0.6933942000000001,0.21803481417953197,33.01827096939087
BA,4,uncorr,4,bistable,2.0,0.4,3,0.7383345,0.18662153337691095,29.633167266845703
BA,4,uncorr,4,bistable,2.0,0.4,4,0.7085580999999999,0.19881791902300044,29.742860078811646
BA,4,uncorr,4,bistable,2.0,0.4,5,0.6405098000000001,0.21185400927625664,31.293097257614136
BA,4,uncorr,4,bistable,2.0,0.4,6,0.7206170999999999,0.1978522881389247,26.30918288230896
BA,4,uncorr,4,bistable,2.0,0.4,7,0.7633163,0.16495129138201964,29.289617776870728
BA,4,uncorr,4,bistable,2.0,0.4,8,0.7497815000000001,0.20204570099273694,26.11374592781067
BA,4,uncorr,4,bistable,2.0,0.4,9,0.727053,0.16393234520078792,28.315968990325928
BA,16,corr,1,coop,1.0,0.0,0,0.9722974999999999,0.12174011573238855,3.44337797164917
BA,16,corr,1,coop,1.0,0.0,1,0.8934622999999999,0.14810535088687116,6.0190269947052
BA,16,corr,1,coop,1.0,0.0,2,0.9978149999999999,0.02185000000000002,3.101966142654419
BA,16,corr,1,coop,1.0,0.0,3,0.9985697,0.014303000000000019,3.092296838760376
BA,16,corr,1,coop,1.0,0.0,4,0.8691490999999999,0.23089866986110213,4.11710000038147
BA,16,corr,1,coop,1.0,0.0,5,1.0,0.0,2.8914759159088135
BA,16,corr,1,coop,1.0,0.0,6,1.0,0.0,2.8891713619232178
BA,16,corr,1,coop,1.0,0.0,7,0.8198862,0.20245371017393565,5.615720987319946
BA,16,corr,1,coop,1.0,0.0,8,1.0,0.0,2.868016242980957
BA,16,corr,1,coop,1.0,0.0,9,1.0,0.0,2.8562521934509277
BA,16,corr,1,defect,2.0,0.1,0,0.0038499999999999984,0.011512274433241354,3.224748134613037
BA,16,corr,1,defect,2.0,0.1,1,0.002072,0.009769200932967181,3.210076093673706
BA,16,corr,1,defect,2.0,0.1,2,0.0030952999999999996,0.012123282505038382,3.3457279205322266
BA,16,corr,1,defect,2.0,0.1,3,0.0012086999999999994,0.006646497164338185,3.2127270698547363
BA,16,corr,1,defect,2.0,0.1,4,0.009857099999999997,0.02123973769050871,3.3860368728637695
BA,16,corr,1,defect,2.0,0.1,5,0.011602999999999999,0.10012257691994803,3.2347898483276367
BA,16,corr,1,defect,2.0,0.1,6,0.0,0.0,3.154942035675049
BA,16,corr,1,defect,2.0,0.1,7,0.0056983999999999976,0.014283152519629194,3.290501117706299
BA,16,corr,1,defect,2.0,0.1,8,0.003310799999999999,0.01040092999726855,3.2111570835113525
BA,16,corr,1,defect,2.0,0.1,9,0.0,0.0,3.24953293800354
BA,16,corr,1,transition,1.5,0.1,0,0.5069241,0.43926698949590787,4.574855804443359
BA,16,corr,1,transition,1.5,0.1,1,0.5313538,0.4462804488251709,4.316630125045776
BA,16,corr,1,transition,1.5,0.1,2,0.47105450000000004,0.4194885057968896,5.1715803146362305
BA,16,corr,1,transition,1.5,0.1,3,0.4291623,0.42597975514292497,4.437614917755127
BA,16,corr,1,transition,1.5,0.1,4,0.48886830000000003,0.43663679770631125,4.092432975769043
BA,16,corr,1,transition,1.5,0.1,5,0.3855364,0.4351743550509149,4.938758373260498
BA,16,corr,1,transition,1.5,0.1,6,0.47705390000000003,0.44246315020197624,4.715547800064087
BA,16,corr,1,transition,1.5,0.1,7,0.5396103999999999,0.4388826422387017,4.080013990402222
BA,16,corr,1,transition,1.5,0.1,8,0.5226644,0.4454592686258609,4.774160861968994
BA,16,corr,1,transition,1.5,0.1,9,0.2708606,0.35868633406936656,4.480849981307983
BA,16,corr,1,bistable,1.6,0.0,0,0.7473371,0.4193301538716844,3.6658990383148193
BA,16,corr,1,bistable,1.6,0.0,1,0.7539286,0.4086318779696094,4.004386901855469
BA,16,corr,1,bistable,1.6,0.0,2,0.6262934,0.4637250081941741,3.9260470867156982
BA,16,corr,1,bistable,1.6,0.0,3,0.7275897999999998,0.4202162142794991,4.194463014602661
BA,16,corr,1,bistable,1.6,0.0,4,0.7846387,0.39831111935182406,3.4435298442840576
BA,16,corr,1,bistable,1.6,0.0,5,0.47297089999999997,0.4725701303010138,4.073201894760132
BA,16,corr,1,bistable,1.6,0.0,6,0.6382180000000001,0.45773469201133,3.9620048999786377
BA,16,corr,1,bistable,1.6,0.0,7,0.6556422999999999,0.45522300389419523,3.955390214920044
BA,16,corr,1,bistable,1.6,0.0,8,0.6562698,0.4535087355032286,4.071926116943359
BA,16,corr,1,bistable,1.6,0.0,9,0.329517,0.42393030377836416,4.970003128051758
BA,16,corr,2,coop,1.0,0.0,0,0.9722974999999999,0.12174011573238855,13.65619683265686
BA,16,corr,2,coop,1.0,0.0,1,0.8934622999999999,0.14810535088687116,24.210265159606934
BA,16,corr,2,coop,1.0,0.0,2,0.9978149999999999,0.02185000000000002,12.05714201927185
BA,16,corr,2,coop,1.0,0.0,3,0.9985697,0.014303000000000019,12.559473276138306
BA,16,corr,2,coop,1.0,0.0,4,0.8691490999999999,0.23089866986110213,16.791685819625854
BA,16,corr,2,coop,1.0,0.0,5,1.0,0.0,11.29601001739502
BA,16,corr,2,coop,1.0,0.0,6,1.0,0.0,11.46186089515686
BA,16,corr,2,coop,1.0,0.0,7,0.8198862,0.20245371017393565,23.1898090839386
BA,16,corr,2,coop,1.0,0.0,8,1.0,0.0,11.824744939804077
BA,16,corr,2,coop,1.0,0.0,9,1.0,0.0,11.167155027389526
BA,16,corr,2,defect,2.0,0.6,0,0.0020630999999999987,0.008253015328357321,12.026685237884521
BA,16,corr,2,defect,2.0,0.6,1,0.0012921000000000002,0.007437203408227689,19.146063804626465
BA,16,corr,2,defect,2.0,0.6,2,0.004942700000000001,0.015317408849034651,12.19350290298462
BA,16,corr,2,defect,2.0,0.6,3,0.0017616999999999997,0.008116827022869954,11.645437955856323
BA,16,corr,2,defect,2.0,0.6,4,0.0093937,0.01942823830787225,12.862717866897583
BA,16,corr,2,defect,2.0,0.6,5,0.0009066999999999998,0.0064040974975070235,11.714370012283325
BA,16,corr,2,defect,2.0,0.6,6,0.0,0.0,11.307943105697632
BA,16,corr,2,defect,2.0,0.6,7,0.005206899999999999,0.014728131996662407,11.77512788772583
BA,16,corr,2,defect,2.0,0.6,8,0.0021337999999999995,0.009940647478048311,11.831696033477783
BA,16,corr,2,defect,2.0,0.6,9,0.0,0.0,11.29186201095581
BA,16,corr,2,transition,1.5,0.3,0,0.561745,0.4417411572734568,16.564414978027344
BA,16,corr,2,transition,1.5,0.3,1,0.47021609999999997,0.43678471132846775,17.045500993728638
BA,16,corr,2,transition,1.5,0.3,2,0.48791689999999993,0.4333728497685977,17.368662118911743
BA,16,corr,2,transition,1.5,0.3,3,0.45862899999999995,0.42871589234184526,17.40169906616211
BA,16,corr,2,transition,1.5,0.3,4,0.46773000000000003,0.42824266902273667,18.594330072402954
BA,16,corr,2,transition,1.5,0.3,5,0.5058157999999999,0.4474945272667555,16.099157094955444
BA,16,corr,2,transition,1.5,0.3,6,0.47993660000000005,0.45629643172225726,15.697178840637207
BA,16,corr,2,transition,1.5,0.3,7,0.4094352,0.42129595222188576,16.430719137191772
BA,16,corr,2,transition,1.5,0.3,8,0.5894709,0.4345683476903643,15.646785020828247
BA,16,corr,2,transition,1.5,0.3,9,0.4464382,0.44722197947779846,15.668819904327393
BA,16,corr,2,bistable,1.8,0.0,0,0.5162766,0.49648603973013083,13.186788082122803
BA,16,corr,2,bistable,1.8,0.0,1,0.5166767,0.496391279227426,20.506579399108887
BA,16,corr,2,bistable,1.8,0.0,2,0.6188264,0.4798932594480535,14.131866931915283
BA,16,corr,2,bistable,1.8,0.0,3,0.4285834,0.489287944208642,13.781091213226318
BA,16,corr,2,bistable,1.8,0.0,4,0.5731244,0.49415928483897337,12.378322124481201
BA,16,corr,2,bistable,1.8,0.0,5,0.42923900000000004,0.4891587679884722,13.530597925186157
BA,16,corr,2,bistable,1.8,0.0,6,0.38740719999999995,0.4825507203614701,12.837493896484375
BA,16,corr,2,bistable,1.8,0.0,7,0.5348804,0.4969373166838748,13.082627058029175
BA,16,corr,2,bistable,1.8,0.0,8,0.5410049000000001,0.49065742573951043,15.144646167755127
BA,16,corr,2,bistable,1.8,0.0,9,0.2087912,0.3982283928314646,13.594556093215942
BA,16,corr,3,coop,1.0,0.0,0,0.9722974999999999,0.12174011573238855,35.02969479560852
BA,16,corr,3,coop,1.0,0.0,1,0.8934622999999999,0.14810535088687116,62.150177001953125
BA,16,corr,3,coop,1.0,0.0,2,0.9978149999999999,0.02185000000000002,29.844687938690186
BA,16,corr,3,coop,1.0,0.0,3,0.9985697,0.014303000000000019,31.20498514175415
BA,16,corr,3,coop,1.0,0.0,4,0.8691490999999999,0.23089866986110213,41.77660012245178
BA,16,corr,3,coop,1.0,0.0,5,1.0,0.0,28.4603271484375
BA,16,corr,3,coop,1.0,0.0,6,1.0,0.0,29.849003076553345
BA,16,corr,3,coop,1.0,0.0,7,0.8198862,0.20245371017393565,58.28886604309082
BA,16,corr,3,coop,1.0,0.0,8,1.0,0.0,29.494039058685303
BA,16,corr,3,coop,1.0,0.0,9,1.0,0.0,28.40790891647339
BA,16,corr,3,defect,2.0,0.6,0,0.002114899999999999,0.008291420598754744,29.369417905807495
BA,16,corr,3,defect,2.0,0.6,1,0.0019825999999999997,0.010059254708621772,29.154642820358276
BA,16,corr,3,defect,2.0,0.6,2,0.0041805,0.014554679998147845,29.949251890182495
BA,16,corr,3,defect,2.0,0.6,3,0.0010685999999999998,0.006552526850094711,28.806169986724854
BA,16,corr,3,defect,2.0,0.6,4,0.009106199999999998,0.021021753945603468,30.89305281639099
BA,16,corr,3,defect,2.0,0.6,5,0.0009483999999999999,0.005902251534094183,29.00899887084961
BA,16,corr,3,defect,2.0,0.6,6,0.0,0.0,28.733119010925293
BA,16,corr,3,defect,2.0,0.6,7,0.005609799999999998,0.014823303860251033,29.43405795097351
BA,16,corr,3,defect,2.0,0.6,8,0.0026759999999999996,0.010595526214283824,29.127310752868652
BA,16,corr,3,defect,2.0,0.6,9,0.0,0.0,28.243419885635376
BA,16,corr,3,transition,1.7,0.2,0,0.4994740000000001,0.4846123586033595,33.696221113204956
BA,16,corr,3,transition,1.7,0.2,1,0.4469452,0.4798964777475503,33.49414682388306
BA,16,corr,3,transition,1.7,0.2,2,0.48721430000000004,0.47716078898835546,34.080751180648804
BA,16,corr,3,transition,1.7,0.2,3,0.4509146,0.47767823242658003,34.841299057006836
BA,16,corr,3,transition,1.7,0.2,4,0.46085990000000004,0.4728455796568262,34.26094603538513
BA,16,corr,3,transition,1.7,0.2,5,0.5287693,0.4842225754028906,32.008695125579834
BA,16,corr,3,transition,1.7,0.2,6,0.5077967,0.4951885118342675,31.233166933059692
BA,16,corr,3,transition,1.7,0.2,7,0.3824679,0.4668793302089454,31.115957975387573
BA,16,corr,3,transition,1.7,0.2,8,0.5766781000000001,0.4808225729391962,31.448412895202637
BA,16,corr,3,transition,1.7,0.2,9,0.4717359,0.4906064763355802,30.474683046340942
BA,16,corr,3,bistable,1.8,0.1,0,0.48373330000000003,0.4944448732681139,30.421741008758545
BA,16,corr,3,bistable,1.8,0.1,1,0.46504959999999995,0.4926354176170725,32.04200077056885
BA,16,corr,3,bistable,1.8,0.1,2,0.4497805,0.49065043820819,30.559277057647705
BA,16,corr,3,bistable,1.8,0.1,3,0.4440142,0.4859725097790715,31.63355803489685
BA,16,corr,3,bistable,1.8,0.1,4,0.5530449000000001,0.4876118739957079,31.2796049118042
BA,16,corr,3,bistable,1.8,0.1,5,0.46538290000000004,0.4961415051147864,29.756926774978638
BA,16,corr,3,bistable,1.8,0.1,6,0.43461830000000007,0.49375085690564696,34.05686402320862
BA,16,corr,3,bistable,1.8,0.1,7,0.40592639999999997,0.48782686180449325,30.48671293258667
BA,16,corr,3,bistable,1.8,0.1,8,0.454113,0.48698276082673025,33.13830304145813
BA,16,corr,3,bistable,1.8,0.1,9,0.33629109999999995,0.468452143191163,30.376497983932495
BA,16,corr,4,coop,1.0,0.0,0,0.9722974999999999,0.12174011573238855,35.06301522254944
BA,16,corr,4,coop,1.0,0.0,1,0.8934622999999999,0.14810535088687116,68.91916990280151
BA,16,corr,4,coop,1.0,0.0,2,0.9978149999999999,0.02185000000000002,30.209455013275146
BA,16,corr,4,coop,1.0,0.0,3,0.9985697,0.014303000000000019,31.504127025604248
BA,16,corr,4,coop,1.0,0.0,4,0.8691490999999999,0.23089866986110213,42.25135898590088
BA,16,corr,4,coop,1.0,0.0,5,1.0,0.0,28.82155418395996
BA,16,corr,4,coop,1.0,0.0,6,1.0,0.0,29.597460985183716
BA,16,corr,4,coop,1.0,0.0,7,0.8198862,0.20245371017393565,59.25656986236572
BA,16,corr,4,coop,1.0,0.0,8,1.0,0.0,29.88943099975586
BA,16,corr,4,coop,1.0,0.0,9,1.0,0.0,28.794735193252563
BA,16,corr,4,defect,2.0,0.6,0,0.002554099999999998,0.008844788809282448,29.604076862335205
BA,16,corr,4,defect,2.0,0.6,1,0.0019825999999999997,0.010059254708621772,29.347471237182617
BA,16,corr,4,defect,2.0,0.6,2,0.0038214999999999994,0.013062286709872396,30.13792395591736
BA,16,corr,4,defect,2.0,0.6,3,0.0010685999999999998,0.006552526850094711,28.882933855056763
BA,16,corr,4,defect,2.0,0.6,4,0.0082158,0.020182296431588878,31.16248893737793
BA,16,corr,4,defect,2.0,0.6,5,0.0014157999999999992,0.006721983109863703,29.53949213027954
BA,16,corr,4,defect,2.0,0.6,6,0.0,0.0,37.2008638381958
BA,16,corr,4,defect,2.0,0.6,7,0.005293799999999999,0.014267966931684287,31.781864166259766
BA,16,corr,4,defect,2.0,0.6,8,0.003403999999999999,0.011210229004950535,29.640382051467896
BA,16,corr,4,defect,2.0,0.6,9,0.0,0.0,28.672872066497803
BA,16,corr,4,transition,1.7,0.2,0,0.53093,0.4873487440895447,31.946438789367676
BA,16,corr,4,transition,1.7,0.2,1,0.45543890000000004,0.482242043870664,31.612807989120483
BA,16,corr,4,transition,1.7,0.2,2,0.4588512,0.4738877779873819,33.17221927642822
BA,16,corr,4,transition,1.7,0.2,3,0.4329566,0.4734396700768374,33.636358976364136
BA,16,corr,4,transition,1.7,0.2,4,0.49352140000000005,0.48089290205671065,31.734307765960693
BA,16,corr,4,transition,1.7,0.2,5,0.5353829,0.48709930143780955,32.11397910118103
BA,16,corr,4,transition,1.7,0.2,6,0.4695438,0.4926142285841893,32.280157804489136
BA,16,corr,4,transition,1.7,0.2,7,0.4113083,0.47436643798542477,32.73124313354492
BA,16,corr,4,transition,1.7,0.2,8,0.5782278000000001,0.47895079698280557,31.9726779460907
BA,16,corr,4,transition,1.7,0.2,9,0.46209720000000004,0.4896336005339898,31.73207926750183
BA,16,corr,4,bistable,1.8,0.1,0,0.5064873999999999,0.4920130608548492,30.909022092819214
BA,16,corr,4,bistable,1.8,0.1,1,0.4850011,0.49367877081491285,31.13869595527649
BA,16,corr,4,bistable,1.8,0.1,2,0.48294209999999993,0.48989347766135993,36.19767117500305
BA,16,corr,4,bistable,1.8,0.1,3,0.42732149999999997,0.4874607185590767,31.346179962158203
BA,16,corr,4,bistable,1.8,0.1,4,0.5070532,0.4960127251542133,31.288766860961914
BA,16,corr,4,bistable,1.8,0.1,5,0.4477308,0.49236683409889187,30.35745096206665
BA,16,corr,4,bistable,1.8,0.1,6,0.3961452999999999,0.4855947019839267,30.690978050231934
BA,16,corr,4,bistable,1.8,0.1,7,0.43005180000000004,0.4880050766530525,30.063153982162476
BA,16,corr,4,bistable,1.8,0.1,8,0.527222,0.4949529029283207,29.988927841186523
BA,16,corr,4,bistable,1.8,0.1,9,0.4238964,0.4928796792004386,29.925920724868774
BA,16,uncorr,1,coop,1.0,0.0,0,0.9722974999999999,0.12174011573238855,13.05213737487793
BA,16,uncorr,1,coop,1.0,0.0,1,0.8934622999999999,0.14810535088687116,5.876652956008911
BA,16,uncorr,1,coop,1.0,0.0,2,0.9978149999999999,0.02185000000000002,2.905596971511841
BA,16,uncorr,1,coop,1.0,0.0,3,0.9985697,0.014303000000000019,3.0007271766662598
BA,16,uncorr,1,coop,1.0,0.0,4,0.8691490999999999,0.23089866986110213,4.012279033660889
BA,16,uncorr,1,coop,1.0,0.0,5,1.0,0.0,2.7977190017700195
BA,16,uncorr,1,coop,1.0,0.0,6,1.0,0.0,2.8298168182373047
BA,16,uncorr,1,coop,1.0,0.0,7,0.8198862,0.20245371017393565,5.558982849121094
BA,16,uncorr,1,coop,1.0,0.0,8,1.0,0.0,2.888296127319336
BA,16,uncorr,1,coop,1.0,0.0,9,1.0,0.0,2.7731082439422607
BA,16,uncorr,1,defect,2.0,0.0,0,0.0013747999999999994,0.00849391148310531,3.2696378231048584
BA,16,uncorr,1,defect,2.0,0.0,1,0.0045379,0.014728253292240869,3.223710060119629
BA,16,uncorr,1,defect,2.0,0.0,2,0.005774699999999999,0.019724490824681105,3.229578971862793
BA,16,uncorr,1,defect,2.0,0.0,3,0.0029365000000000003,0.012792796219005842,3.255676031112671
BA,16,uncorr,1,defect,2.0,0.0,4,0.024569000000000004,0.10355880389245697,3.533079147338867
BA,16,uncorr,1,defect,2.0,0.0,5,0.0037739999999999996,0.013426143048981605,3.283665895462036
BA,16,uncorr,1,defect,2.0,0.0,6,0.0002293999999999999,0.0022939999999999983,3.2063019275665283
BA,16,uncorr,1,defect,2.0,0.0,7,0.009186099999999997,0.019958071904152292,3.223484754562378
BA,16,uncorr,1,defect,2.0,0.0,8,0.0031073999999999997,0.012271781593344444,3.2808101177215576
BA,16,uncorr,1,defect,2.0,0.0,9,0.0,0.0,3.168635845184326
BA,16,uncorr,1,transition,1.4,0.4,0,0.7195691,0.38331288172872796,4.979902982711792
BA,16,uncorr,1,transition,1.4,0.4,1,0.608133,0.4087861251314677,5.659600019454956
BA,16,uncorr,1,transition,1.4,0.4,2,0.6460703000000001,0.42143902956335566,5.249126195907593
BA,16,uncorr,1,transition,1.4,0.4,3,0.42531960000000013,0.3531852330123956,5.902688980102539
BA,16,uncorr,1,transition,1.4,0.4,4,0.554468,0.3885700149928133,5.571213722229004
BA,16,uncorr,1,transition,1.4,0.4,5,0.5331658,0.4308981582675232,4.609209060668945
BA,16,uncorr,1,transition,1.4,0.4,6,0.45315300000000003,0.3811924314025475,5.9879372119903564
BA,16,uncorr,1,transition,1.4,0.4,7,0.4739922,0.3814148233483573,5.51246190071106
BA,16,uncorr,1,transition,1.4,0.4,8,0.5695315,0.4137481626566669,5.132761001586914
BA,16,uncorr,1,transition,1.4,0.4,9,0.3020603,0.31967096274629236,5.864544630050659
BA,16,uncorr,1,bistable,1.6,0.0,0,0.742547,0.42527656391001745,3.4586758613586426
BA,16,uncorr,1,bistable,1.6,0.0,1,0.7341335000000001,0.43156206261865365,3.634719133377075
BA,16,uncorr,1,bistable,1.6,0.0,2,0.7436136999999999,0.41543789222004335,3.583768129348755
BA,16,uncorr,1,bistable,1.6,0.0,3,0.7047262000000001,0.44369577216595096,3.7716169357299805
BA,16,uncorr,1,bistable,1.6,0.0,4,0.7144115999999999,0.44949133978628397,3.381582021713257
BA,16,uncorr,1,bistable,1.6,0.0,5,0.5738308,0.4754701107870806,3.966395139694214
BA,16,uncorr,1,bistable,1.6,0.0,6,0.5864667,0.47993529386689304,3.825866937637329
BA,16,uncorr,1,bistable,1.6,0.0,7,0.6345656000000001,0.4628681555244714,3.8316540718078613
BA,16,uncorr,1,bistable,1.6,0.0,8,0.6612029000000001,0.4468863032053177,4.1422388553619385
BA,16,uncorr,1,bistable,1.6,0.0,9,0.3251188,0.42679415796528064,4.490598917007446
BA,16,uncorr,2,coop,1.0,0.0,0,0.9722974999999999,0.12174011573238855,21.21799397468567
BA,16,uncorr,2,coop,1.0,0.0,1,0.8934622999999999,0.14810535088687116,24.08182406425476
BA,16,uncorr,2,coop,1.0,0.0,2,0.9978149999999999,0.02185000000000002,11.8021080493927
BA,16,uncorr,2,coop,1.0,0.0,3,0.9985697,0.014303000000000019,12.211040019989014
BA,16,uncorr,2,coop,1.0,0.0,4,0.8691490999999999,0.23089866986110213,16.6246280670166
BA,16,uncorr,2,coop,1.0,0.0,5,1.0,0.0,11.06107473373413
BA,16,uncorr,2,coop,1.0,0.0,6,1.0,0.0,11.76179027557373
BA,16,uncorr,2,coop,1.0,0.0,7,0.8198862,0.20245371017393565,22.300631999969482
BA,16,uncorr,2,coop,1.0,0.0,8,1.0,0.0,11.628143787384033
BA,16,uncorr,2,coop,1.0,0.0,9,1.0,0.0,11.414023876190186
BA,16,uncorr,2,defect,2.0,0.6,0,0.0017426999999999987,0.0069158232935987276,11.87392807006836
BA,16,uncorr,2,defect,2.0,0.6,1,0.0020333,0.009039418061965598,11.532181978225708
BA,16,uncorr,2,defect,2.0,0.6,2,0.0031638000000000005,0.012802210808128326,12.137602806091309
BA,16,uncorr,2,defect,2.0,0.6,3,0.0013576999999999994,0.00711824300972189,11.471752882003784
BA,16,uncorr,2,defect,2.0,0.6,4,0.009116099999999999,0.019712732638340814,12.522626876831055
BA,16,uncorr,2,defect,2.0,0.6,5,0.0007731999999999997,0.005647118847051765,11.565170049667358
BA,16,uncorr,2,defect,2.0,0.6,6,0.0,0.0,11.6963369846344
BA,16,uncorr,2,defect,2.0,0.6,7,0.005193999999999999,0.013982337198600007,11.539081811904907
BA,16,uncorr,2,defect,2.0,0.6,8,0.002329499999999999,0.009526022771780718,11.818840026855469
BA,16,uncorr,2,defect,2.0,0.6,9,0.0,0.0,11.611999034881592
BA,16,uncorr,2,transition,1.8,0.0,0,0.5958503,0.4876202253875241,12.642505884170532
BA,16,uncorr,2,transition,1.8,0.0,1,0.45479610000000004,0.496071921402359,13.344918012619019
BA,16,uncorr,2,transition,1.8,0.0,2,0.5643241,0.4907415181298129,13.583352088928223
BA,16,uncorr,2,transition,1.8,0.0,3,0.40198900000000004,0.4813646227354188,13.123037815093994
BA,16,uncorr,2,transition,1.8,0.0,4,0.5425930999999999,0.4983177925491935,12.277404069900513
BA,16,uncorr,2,transition,1.8,0.0,5,0.3379067,0.46760525158644467,12.912621021270752
BA,16,uncorr,2,transition,1.8,0.0,6,0.38434579999999996,0.4846563347762489,12.93838095664978
BA,16,uncorr,2,transition,1.8,0.0,7,0.5292925,0.4933653521558119,13.01377010345459
BA,16,uncorr,2,transition,1.8,0.0,8,0.4784459,0.4943109923619835,14.304199934005737
BA,16,uncorr,2,transition,1.8,0.0,9,0.17644169999999998,0.3626793160173017,13.883871793746948
BA,16,uncorr,3,coop,1.0,0.0,0,0.9722974999999999,0.12174011573238855,38.672866106033325
BA,16,uncorr,3,coop,1.0,0.0,1,0.8934622999999999,0.14810535088687116,68.16321778297424
BA,16,uncorr,3,coop,1.0,0.0,2,0.9978149999999999,0.02185000000000002,29.836427927017212
BA,16,uncorr,3,coop,1.0,0.0,3,0.9985697,0.014303000000000019,31.118176698684692
BA,16,uncorr,3,coop,1.0,0.0,4,0.8691490999999999,0.23089866986110213,41.64020609855652
BA,16,uncorr,3,coop,1.0,0.0,5,1.0,0.0,28.324230194091797
BA,16,uncorr,3,coop,1.0,0.0,6,1.0,0.0,29.19716501235962
BA,16,uncorr,3,coop,1.0,0.0,7,0.8198862,0.20245371017393565,58.1991081237793
BA,16,uncorr,3,coop,1.0,0.0,8,1.0,0.0,29.393391132354736
BA,16,uncorr,3,coop,1.0,0.0,9,1.0,0.0,28.40364098548889
BA,16,uncorr,3,defect,2.0,0.7,0,0.0015665999999999992,0.0067462467260610065,29.23214316368103
BA,16,uncorr,3,defect,2.0,0.7,1,0.0015389,0.00779891780824737,28.9607412815094
BA,16,uncorr,3,defect,2.0,0.7,2,0.004566399999999999,0.014933440172777987,29.895872116088867
BA,16,uncorr,3,defect,2.0,0.7,3,0.0016016999999999993,0.007480222820507716,28.623472213745117
BA,16,uncorr,3,defect,2.0,0.7,4,0.0092941,0.019467365392970726,31.243644952774048
BA,16,uncorr,3,defect,2.0,0.7,5,0.0011358999999999994,0.006163842612159618,28.70408296585083
BA,16,uncorr,3,defect,2.0,0.7,6,0.0,0.0,28.395750999450684
BA,16,uncorr,3,defect,2.0,0.7,7,0.0049625999999999984,0.013849551254080179,35.49206781387329
BA,16,uncorr,3,defect,2.0,0.7,8,0.002329499999999999,0.009526022771780718,28.94211983680725
BA,16,uncorr,3,defect,2.0,0.7,9,0.0,0.0,28.33644127845764
BA,16,uncorr,3,transition,1.7,0.1,0,0.5132125999999999,0.490146423823648,31.21025800704956
BA,16,uncorr,3,transition,1.7,0.1,1,0.4270805,0.48111338505968204,32.72150802612305
BA,16,uncorr,3,transition,1.7,0.1,2,0.4586424000000001,0.4738511911366864,33.70596408843994
BA,16,uncorr,3,transition,1.7,0.1,3,0.4380635,0.4790254371335197,32.946958780288696
BA,16,uncorr,3,transition,1.7,0.1,4,0.518048,0.4815483521145539,30.63164186477661
BA,16,uncorr,3,transition,1.7,0.1,5,0.5112715,0.491831995747696,30.400779008865356
BA,16,uncorr,3,transition,1.7,0.1,6,0.4818356,0.4909911172339747,32.27886915206909
BA,16,uncorr,3,transition,1.7,0.1,7,0.41704,0.4794277272041336,31.17302894592285
BA,16,uncorr,3,transition,1.7,0.1,8,0.5935741,0.4807455657896957,30.911678075790405
BA,16,uncorr,3,transition,1.7,0.1,9,0.4640987,0.4878415277684595,31.232189178466797
BA,16,uncorr,4,coop,1.0,0.0,0,0.9722974999999999,0.12174011573238855,35.0695858001709
BA,16,uncorr,4,coop,1.0,0.0,1,0.8934622999999999,0.14810535088687116,62.668676137924194
BA,16,uncorr,4,coop,1.0,0.0,2,0.9978149999999999,0.02185000000000002,30.027916193008423
BA,16,uncorr,4,coop,1.0,0.0,3,0.9985697,0.014303000000000019,31.544819355010986
BA,16,uncorr,4,coop,1.0,0.0,4,0.8691490999999999,0.23089866986110213,42.55502796173096
BA,16,uncorr,4,coop,1.0,0.0,5,1.0,0.0,28.825212955474854
BA,16,uncorr,4,coop,1.0,0.0,6,1.0,0.0,29.613627910614014
BA,16,uncorr,4,coop,1.0,0.0,7,0.8198862,0.20245371017393565,59.132771253585815
BA,16,uncorr,4,coop,1.0,0.0,8,1.0,0.0,29.880441904067993
BA,16,uncorr,4,coop,1.0,0.0,9,1.0,0.0,34.8394513130188
BA,16,uncorr,4,defect,2.0,0.7,0,0.002011499999999999,0.008027207066148737,29.762802124023438
BA,16,uncorr,4,defect,2.0,0.7,1,0.0026736,0.01113939922939829,29.5386700630188
BA,16,uncorr,4,defect,2.0,0.7,2,0.005888699999999999,0.016488373538020448,30.758899927139282
BA,16,uncorr,4,defect,2.0,0.7,3,0.0013576999999999994,0.00711824300972189,29.01067090034485
BA,16,uncorr,4,defect,2.0,0.7,4,0.010341199999999997,0.020142297687235487,31.435370922088623
BA,16,uncorr,4,defect,2.0,0.7,5,0.0006807999999999994,0.005259587240401466,29.258054971694946
BA,16,uncorr,4,defect,2.0,0.7,6,0.0,0.0,28.869688987731934
BA,16,uncorr,4,defect,2.0,0.7,7,0.0046346999999999985,0.013569390796043777,29.95699906349182
BA,16,uncorr,4,defect,2.0,0.7,8,0.002678799999999999,0.010064905954791023,29.898420810699463
BA,16,uncorr,4,defect,2.0,0.7,9,0.0,0.0,28.949820041656494
BA,16,uncorr,4,transition,1.5,0.4,0,0.5725075,0.4413596962289409,42.76134514808655
BA,16,uncorr,4,transition,1.5,0.4,1,0.4524153,0.4396812671834341,45.80821776390076
BA,16,uncorr,4,transition,1.5,0.4,2,0.5071864,0.43199278230390215,50.49699378013611
BA,16,uncorr,4,transition,1.5,0.4,3,0.42422709999999997,0.4180072184126016,49.69288182258606
BA,16,uncorr,4,transition,1.5,0.4,4,0.4524353,0.41391030956299624,43.6864869594574
BA,16,uncorr,4,transition,1.5,0.4,5,0.5428025000000001,0.4552354930207091,43.43053388595581
BA,16,uncorr,4,transition,1.5,0.4,6,0.49620919999999996,0.44318435419061614,39.24477005004883
BA,16,uncorr,4,transition,1.5,0.4,7,0.39481750000000004,0.410449556957756,46.07775902748108
BA,16,uncorr,4,transition,1.5,0.4,8,0.5408963000000001,0.4462400859836518,40.740769147872925
BA,16,uncorr,4,transition,1.5,0.4,9,0.5290885,0.45008628505734005,39.38991117477417
BA,16,uncorr,4,bistable,1.9,0.0,0,0.4914564,0.5010483616217888,32.916489124298096
BA,16,uncorr,4,bistable,1.9,0.0,1,0.42505129999999997,0.49210644958642397,31.928815126419067
BA,16,uncorr,4,bistable,1.9,0.0,2,0.4658506,0.4958618815999863,32.79590320587158
BA,16,uncorr,4,bistable,1.9,0.0,3,0.3255287,0.4654422166517851,32.44917678833008
BA,16,uncorr,4,bistable,1.9,0.0,4,0.6243964,0.4825778480780028,30.781049013137817
BA,16,uncorr,4,bistable,1.9,0.0,5,0.4220494,0.4943743163845048,31.816156148910522
BA,16,uncorr,4,bistable,1.9,0.0,6,0.33111959999999996,0.4718583276252876,30.831896781921387
BA,16,uncorr,4,bistable,1.9,0.0,7,0.4257115,0.4915644157637959,32.63102316856384
BA,16,uncorr,4,bistable,1.9,0.0,8,0.483267,0.4991425519656968,31.660667896270752
BA,16,uncorr,4,bistable,1.9,0.0,9,0.2116891,0.40858362456765,30.777577877044678
ER,4,corr,1,coop,1.0,0.0,0,1.0,0.0,2.655707836151123
ER,4,corr,1,coop,1.0,0.0,1,1.0,0.0,2.6850929260253906
ER,4,corr,1,coop,1.0,0.0,2,1.0,0.0,2.5577080249786377
ER,4,corr,1,coop,1.0,0.0,3,1.0,0.0,2.5592048168182373
ER,4,corr,1,coop,1.0,0.0,4,1.0,0.0,2.590662956237793
ER,4,corr,1,coop,1.0,0.0,5,1.0,0.0,2.5498969554901123
ER,4,corr,1,coop,1.0,0.0,6,1.0,0.0,2.6105101108551025
ER,4,corr,1,coop,1.0,0.0,7,1.0,0.0,2.655463933944702
ER,4,corr,1,coop,1.0,0.0,8,1.0,0.0,2.590837001800537
ER,4,corr,1,coop,1.0,0.0,9,1.0,0.0,2.579569101333618
ER,4,corr,1,defect,1.7,0.4,0,0.00026748216106014285,0.0010377092724843946,3.0010759830474854
ER,4,corr,1,defect,1.7,0.4,1,0.0,0.0,2.967866897583008
ER,4,corr,1,defect,1.7,0.4,2,1.0102040816326528e-05,0.00010102040816326528,2.9443750381469727
ER,4,corr,1,defect,1.7,0.4,3,0.0006227180527383369,0.002070478528649719,2.9913558959960938
ER,4,corr,1,defect,1.7,0.4,4,0.0,0.0,2.9223310947418213
ER,4,corr,1,defect,1.7,0.4,5,4.6900826446280993e-05,0.0004690082644628099,2.9281363487243652
ER,4,corr,1,defect,1.7,0.4,6,0.0,0.0,2.9669411182403564
ER,4,corr,1,defect,1.7,0.4,7,0.0025800203873598358,0.00330470537763136,2.9941999912261963
ER,4,corr,1,defect,1.7,0.4,8,0.00017489669421487597,0.0007975803691467038,2.9290151596069336
ER,4,corr,1,defect,1.7,0.4,9,0.0006011167512690352,0.0025275768464198605,3.0053110122680664
ER,4,corr,1,transition,1.3,0.4,0,0.41971253822629967,0.028321663791652477,4.677366018295288
ER,4,corr,1,transition,1.3,0.4,1,0.38477206931702346,0.031137163202098687,4.8607800006866455
ER,4,corr,1,transition,1.3,0.4,2,0.40401948979591834,0.029576164791212146,4.8013622760772705
ER,4,corr,1,transition,1.3,0.4,3,0.387640060851927,0.023516977730602715,4.661361217498779
ER,4,corr,1,transition,1.3,0.4,4,0.4089463664278404,0.025561512557156874,4.938385963439941
ER,4,corr,1,transition,1.3,0.4,5,0.4514839876033057,0.0343906519955937,5.299571990966797
ER,4,corr,1,transition,1.3,0.4,6,0.38483418107833167,0.025296111762848798,5.373788833618164
ER,4,corr,1,transition,1.3,0.4,7,0.4363208970438328,0.03384568227802175,5.204843044281006
ER,4,corr,1,transition,1.3,0.4,8,0.3839116735537191,0.0255925295577304,4.976155996322632
ER,4,corr,1,transition,1.3,0.4,9,0.4065259898477158,0.025453299047828372,4.738323211669922
ER,4,corr,1,bistable,1.6,0.2,0,0.9506568807339459,0.1831630262352715,3.889943838119507
ER,4,corr,1,bistable,1.6,0.2,1,0.7885034658511727,0.36423080884120923,4.345433950424194
ER,4,corr,1,bistable,1.6,0.2,2,0.8547458163265306,0.3163010778260256,3.939629077911377
ER,4,corr,1,bistable,1.6,0.2,3,0.7861885395537523,0.3162878855505461,4.780154228210449
ER,4,corr,1,bistable,1.6,0.2,4,0.8899846468781987,0.2755630013822962,4.296545028686523
ER,4,corr,1,bistable,1.6,0.2,5,0.9879435950413223,0.0999969229945072,3.3592467308044434
ER,4,corr,1,bistable,1.6,0.2,6,0.7117708036622582,0.3475340362689871,4.675829887390137
ER,4,corr,1,bistable,1.6,0.2,7,0.9549216106014279,0.18854107282792393,3.764214038848877
ER,4,corr,1,bistable,1.6,0.2,8,0.8836597107438015,0.31121833307485547,4.174006938934326
ER,4,corr,1,bistable,1.6,0.2,9,0.943034720812182,0.21927957515503332,3.8417611122131348
ER,4,corr,2,coop,1.0,0.0,0,1.0,0.0,2.938999891281128
ER,4,corr,2,coop,1.0,0.0,1,1.0,0.0,2.9902310371398926
ER,4,corr,2,coop,1.0,0.0,2,1.0,0.0,2.9649131298065186
ER,4,corr,2,coop,1.0,0.0,3,1.0,0.0,2.9617738723754883
ER,4,corr,2,coop,1.0,0.0,4,1.0,0.0,2.9382710456848145
ER,4,corr,2,coop,1.0,0.0,5,1.0,0.0,2.876114845275879
ER,4,corr,2,coop,1.0,0.0,6,1.0,0.0,2.9840991497039795
ER,4,corr,2,coop,1.0,0.0,7,1.0,0.0,2.907656192779541
ER,4,corr,2,coop,1.0,0.0,8,1.0,0.0,2.889181137084961
ER,4,corr,2,coop,1.0,0.0,9,1.0,0.0,2.9424047470092773
ER,4,corr,2,defect,1.7,0.6,0,0.000692048929663609,0.0021162167671834498,3.300175905227661
ER,4,corr,2,defect,1.7,0.6,1,6.330275229357798e-05,0.0006330275229357797,3.3169422149658203
ER,4,corr,2,defect,1.7,0.6,2,5.6122448979591816e-05,0.0004080434270581104,3.3500940799713135
ER,4,corr,2,defect,1.7,0.6,3,0.0009353955375253553,0.0026195341801552303,3.3158888816833496
ER,4,corr,2,defect,1.7,0.6,4,0.0,0.0,3.2599680423736572
ER,4,corr,2,defect,1.7,0.6,5,4.6900826446280993e-05,0.0004690082644628099,3.2580668926239014
ER,4,corr,2,defect,1.7,0.6,6,0.0,0.0,3.361077070236206
ER,4,corr,2,defect,1.7,0.6,7,0.0024267074413863395,0.003066937690461471,3.277820110321045
ER,4,corr,2,defect,1.7,0.6,8,4.028925619834711e-06,4.028925619834709e-05,3.232074022293091
ER,4,corr,2,defect,1.7,0.6,9,0.0006094416243654819,0.0024934161030645205,3.2734761238098145
ER,4,corr,2,transition,1.3,0.4,0,0.5103373088685015,0.20814379616564865,5.0516862869262695
ER,4,corr,2,transition,1.3,0.4,1,0.44641039755351686,0.18740843469092394,5.353988885879517
ER,4,corr,2,transition,1.3,0.4,2,0.4796792857142858,0.20419925055459168,5.139983177185059
ER,4,corr,2,transition,1.3,0.4,3,0.519283874239351,0.25038204587832924,4.816762208938599
ER,4,corr,2,transition,1.3,0.4,4,0.5672897645854659,0.2658045888802595,4.784964084625244
ER,4,corr,2,transition,1.3,0.4,5,0.6071462809917356,0.25365190115605885,4.823614120483398
ER,4,corr,2,transition,1.3,0.4,6,0.4586548321464904,0.20244774495820575,4.742877960205078
ER,4,corr,2,transition,1.3,0.4,7,0.5233801223241591,0.20356740315956104,4.9549031257629395
ER,4,corr,2,transition,1.3,0.4,8,0.49975361570247934,0.244957281237506,4.756963014602661
ER,4,corr,2,transition,1.3,0.4,9,0.5472389847715736,0.25700214488155676,4.635589838027954
ER,4,corr,2,bistable,1.9,0.0,0,0.9404333333333337,0.2327701642858357,3.2683629989624023
ER,4,corr,2,bistable,1.9,0.0,1,0.44283618756371057,0.4962867858004184,3.460846185684204
ER,4,corr,2,bistable,1.9,0.0,2,0.5518835714285715,0.49793960988260455,3.2641520500183105
ER,4,corr,2,bistable,1.9,0.0,3,0.5730774847870183,0.49406418133517904,3.394807815551758
ER,4,corr,2,bistable,1.9,0.0,4,0.7112764585465712,0.4528273611932506,3.2762508392333984
ER,4,corr,2,bistable,1.9,0.0,5,0.8309335743801652,0.3754752577861081,3.0698838233947754
ER,4,corr,2,bistable,1.9,0.0,6,0.5642542217700917,0.4940119447744726,3.5058109760284424
ER,4,corr,2,bistable,1.9,0.0,7,0.7825625891946992,0.4110628480316008,3.225414991378784
ER,4,corr,2,bistable,1.9,0.0,8,0.614187396694215,0.485251310004934,3.324833869934082
ER,4,corr,2,bistable,1.9,0.0,9,0.81101269035533,0.3900828362936711,3.1834611892700195
ER,4,corr,3,coop,1.4,0.2,0,1.0,0.0,4.540553092956543
ER,4,corr,3,coop,1.4,0.2,1,1.0,0.0,4.856812000274658
ER,4,corr,3,coop,1.4,0.2,2,1.0,0.0,5.0212767124176025
ER,4,corr,3,coop,1.4,0.2,3,1.0,0.0,4.839925050735474
ER,4,corr,3,coop,1.4,0.2,4,1.0,0.0,4.497130870819092
ER,4,corr,3,coop,1.4,0.2,5,1.0,0.0,4.4434592723846436
ER,4,corr,3,coop,1.4,0.2,6,1.0,0.0,4.81964898109436
ER,4,corr,3,coop,1.4,0.2,7,1.0,0.0,4.424649000167847
ER,4,corr,3,coop,1.4,0.2,8,1.0,0.0,4.393971920013428
ER,4,corr,3,coop,1.4,0.2,9,1.0,0.0,4.554572820663452
ER,4,corr,3,defect,1.7,0.5,0,0.0011742099898063205,0.0026882346686420144,4.889953136444092
ER,4,corr,3,defect,1.7,0.5,1,0.0,0.0,5.1723058223724365
ER,4,corr,3,defect,1.7,0.5,2,3.530612244897957e-05,0.00035306122448979573,5.287214994430542
ER,4,corr,3,defect,1.7,0.5,3,0.0009072008113590264,0.0030607382092922623,5.152928113937378
ER,4,corr,3,defect,1.7,0.5,4,0.0,0.0,4.8203840255737305
ER,4,corr,3,defect,1.7,0.5,5,8.347107438016529e-05,0.0005918125174657139,4.765378952026367
ER,4,corr,3,defect,1.7,0.5,6,0.0,0.0,5.138589859008789
ER,4,corr,3,defect,1.7,0.5,7,0.0030768603465851168,0.003037651905078334,4.716179847717285
ER,4,corr,3,defect,1.7,0.5,8,8.78099173553719e-06,6.198999256117548e-05,4.686057090759277
ER,4,corr,3,defect,1.7,0.5,9,0.0007569543147208119,0.002624697085114508,4.895026922225952
ER,4,corr,3,transition,2.0,0.0,0,0.8408902140672783,0.36642628452307824,4.801714897155762
ER,4,corr,3,transition,2.0,0.0,1,0.371461875637105,0.4842237206214847,5.148818016052246
ER,4,corr,3,transition,2.0,0.0,2,0.5603571428571429,0.49848487912760914,5.192190170288086
ER,4,corr,3,transition,2.0,0.0,3,0.5415090263691684,0.4993012422160145,5.162431001663208
ER,4,corr,3,transition,2.0,0.0,4,0.6805487205731832,0.46803788960320847,4.626611948013306
ER,4,corr,3,transition,2.0,0.0,5,0.7600744834710744,0.4291021097134471,4.556579828262329
ER,4,corr,3,transition,2.0,0.0,6,0.4832042726347915,0.49913483970773753,5.222550868988037
ER,4,corr,3,transition,2.0,0.0,7,0.7218505606523955,0.44832126747462164,4.610671043395996
ER,4,corr,3,transition,2.0,0.0,8,0.5812427685950413,0.4946004967259097,4.663914918899536
ER,4,corr,3,transition,2.0,0.0,9,0.7923286294416243,0.4044549796046295,4.790900945663452
ER,4,corr,3,bistable,1.9,0.3,0,0.7520932721712538,0.43161477621875094,4.679196119308472
ER,4,corr,3,bistable,1.9,0.3,1,0.44111885830784914,0.4979264520662648,5.074173212051392
ER,4,corr,3,bistable,1.9,0.3,2,0.53094,0.5006283572302626,5.170907020568848
ER,4,corr,3,bistable,1.9,0.3,3,0.5809310344827586,0.49495806365636374,5.118201732635498
ER,4,corr,3,bistable,1.9,0.3,4,0.7209839303991811,0.44966156413070674,4.653955936431885
ER,4,corr,3,bistable,1.9,0.3,5,0.8112478305785124,0.3917811491189246,4.581239223480225
ER,4,corr,3,bistable,1.9,0.3,6,0.53113499491353,0.5004410926215994,5.017970085144043
ER,4,corr,3,bistable,1.9,0.3,7,0.8212296636085626,0.3835102443342018,4.533031940460205
ER,4,corr,3,bistable,1.9,0.3,8,0.5807807851239669,0.49513044009559826,4.631534099578857
ER,4,corr,3,bistable,1.9,0.3,9,0.7518119796954315,0.4318640622956245,4.757499933242798
ER,4,corr,4,coop,1.0,0.0,0,1.0,0.0,9.837543964385986
ER,4,corr,4,coop,1.0,0.0,1,1.0,0.0,10.806495904922485
ER,4,corr,4,coop,1.0,0.0,2,1.0,0.0,11.137134075164795
ER,4,corr,4,coop,1.0,0.0,3,1.0,0.0,10.655664920806885
ER,4,corr,4,coop,1.0,0.0,4,1.0,0.0,9.66390085220337
ER,4,corr,4,coop,1.0,0.0,5,1.0,0.0,9.574170112609863
ER,4,corr,4,coop,1.0,0.0,6,1.0,0.0,10.692531108856201
ER,4,corr,4,coop,1.0,0.0,7,1.0,0.0,9.219064950942993
ER,4,corr,4,coop,1.0,0.0,8,1.0,0.0,9.16212797164917
ER,4,corr,4,coop,1.0,0.0,9,1.0,0.0,9.79769515991211
ER,4,corr,4,defect,1.7,0.5,0,0.0015328236493374115,0.0032398080983847047,10.15517520904541
ER,4,corr,4,defect,1.7,0.5,1,6.330275229357798e-05,0.0006330275229357797,11.069186925888062
ER,4,corr,4,defect,1.7,0.5,2,4.54081632653061e-05,0.00036624693581312456,11.3941969871521
ER,4,corr,4,defect,1.7,0.5,3,0.0007594320486815419,0.0023589557493558983,10.982493877410889
ER,4,corr,4,defect,1.7,0.5,4,0.0,0.0,9.87575078010559
ER,4,corr,4,defect,1.7,0.5,5,0.02017592975206611,0.14068304734515874,9.78809118270874
ER,4,corr,4,defect,1.7,0.5,6,0.0,0.0,10.85493516921997
ER,4,corr,4,defect,1.7,0.5,7,0.00296901121304791,0.003049642367462514,10.323439836502075
ER,4,corr,4,defect,1.7,0.5,8,3.460743801652893e-05,0.0003080241552879168,15.591650009155273
ER,4,corr,4,defect,1.7,0.5,9,0.0005598984771573601,0.0019521650845553053,10.095304012298584
ER,4,corr,4,transition,1.7,0.4,0,0.6320101936799185,0.48264817435586427,10.023303031921387
ER,4,corr,4,transition,1.7,0.4,1,0.46,0.5009082659620331,10.977349758148193
ER,4,corr,4,transition,1.7,0.4,2,0.49013448979591834,0.5022866733780897,11.373852968215942
ER,4,corr,4,transition,1.7,0.4,3,0.5603963488843814,0.49844140707208495,10.82089900970459
ER,4,corr,4,transition,1.7,0.4,4,0.6904503582395087,0.4641692753980589,9.728670835494995
ER,4,corr,4,transition,1.7,0.4,5,0.7202502066115701,0.45085933448787296,9.719348192214966
ER,4,corr,4,transition,1.7,0.4,6,0.620707019328586,0.48694288263197594,10.772464990615845
ER,4,corr,4,transition,1.7,0.4,7,0.7515159021406729,0.4325650817907273,9.4259192943573
ER,4,corr,4,transition,1.7,0.4,8,0.6504401859504132,0.47877198589093517,9.32426905632019
ER,4,corr,4,transition,1.7,0.4,9,0.6117024365482233,0.4878140444312393,10.06980299949646
ER,4,uncorr,1,coop,1.0,0.0,0,1.0,0.0,2.617269992828369
ER,4,uncorr,1,coop,1.0,0.0,1,1.0,0.0,2.6058716773986816
ER,4,uncorr,1,coop,1.0,0.0,2,1.0,0.0,2.5647850036621094
ER,4,uncorr,1,coop,1.0,0.0,3,1.0,0.0,2.6080219745635986
ER,4,uncorr,1,coop,1.0,0.0,4,1.0,0.0,2.5439157485961914
ER,4,uncorr,1,coop,1.0,0.0,5,1.0,0.0,2.5359089374542236
ER,4,uncorr,1,coop,1.0,0.0,6,1.0,0.0,2.602254867553711
ER,4,uncorr,1,coop,1.0,0.0,7,1.0,0.0,2.6202569007873535
ER,4,uncorr,1,coop,1.0,0.0,8,1.0,0.0,2.5562551021575928
ER,4,uncorr,1,coop,1.0,0.0,9,1.0,0.0,2.58406400680542
ER,4,uncorr,1,defect,1.7,0.0,0,0.0004439347604485221,0.0015247518104706394,3.0114312171936035
ER,4,uncorr,1,defect,1.7,0.0,1,0.00022110091743119263,0.0015555643778536997,2.983001947402954
ER,4,uncorr,1,defect,1.7,0.0,2,0.00019632653061224493,0.0014104514763569936,2.9562129974365234
ER,4,uncorr,1,defect,1.7,0.0,3,0.0011097363083164302,0.002817113634194295,2.9503140449523926
ER,4,uncorr,1,defect,1.7,0.0,4,0.0,0.0,2.952883005142212
ER,4,uncorr,1,defect,1.7,0.0,5,8.088842975206616e-05,0.0008088842975206615,3.022594690322876
ER,4,uncorr,1,defect,1.7,0.0,6,8.646998982706002e-06,8.646998982706005e-05,2.972539186477661
ER,4,uncorr,1,defect,1.7,0.0,7,0.0024127420998980623,0.0033802105905488674,2.9780752658843994
ER,4,uncorr,1,defect,1.7,0.0,8,4.028925619834711e-06,4.028925619834709e-05,2.917304039001465
ER,4,uncorr,1,defect,1.7,0.0,9,0.0007756345177664972,0.0027413009522579534,2.9322991371154785
ER,4,uncorr,1,transition,1.3,0.5,0,0.4241993883792049,0.027408347451867657,5.26624608039856
ER,4,uncorr,1,transition,1.3,0.5,1,0.38714138634046896,0.028774532116319137,5.340096712112427
ER,4,uncorr,1,transition,1.3,0.5,2,0.3990880612244897,0.027942071032019213,5.740581035614014
ER,4,uncorr,1,transition,1.3,0.5,3,0.3867449290060852,0.025570846044800404,5.46737003326416
ER,4,uncorr,1,transition,1.3,0.5,4,0.40664452405322415,0.030279733138477826,5.32777214050293
ER,4,uncorr,1,transition,1.3,0.5,5,0.4436852272727274,0.03360130897358737,5.338332176208496
ER,4,uncorr,1,transition,1.3,0.5,6,0.3847420142421159,0.027489946440990624,5.155318021774292
ER,4,uncorr,1,transition,1.3,0.5,7,0.43418318042813453,0.03703952616260351,4.7285356521606445
ER,4,uncorr,1,transition,1.3,0.5,8,0.3745849173553719,0.03516088792979814,4.6506547927856445
ER,4,uncorr,1,transition,1.3,0.5,9,0.40626101522842634,0.028521648751340906,5.368365049362183
ER,4,uncorr,1,bistable,1.3,0.2,0,0.8728701325178388,0.24114123039144994,3.0924620628356934
ER,4,uncorr,1,bistable,1.3,0.2,1,0.7491300713557594,0.30301748798759864,3.6152420043945312
ER,4,uncorr,1,bistable,1.3,0.2,2,0.8005798979591836,0.27999032445877714,3.413130044937134
ER,4,uncorr,1,bistable,1.3,0.2,3,0.7309549695740364,0.3058328128090354,3.6257829666137695
ER,4,uncorr,1,bistable,1.3,0.2,4,0.7859321392016376,0.28715351111802734,3.395153045654297
ER,4,uncorr,1,bistable,1.3,0.2,5,0.8085441115702481,0.2690021827436496,3.552600145339966
ER,4,uncorr,1,bistable,1.3,0.2,6,0.7776186164801628,0.2983283147237747,3.4202880859375
ER,4,uncorr,1,bistable,1.3,0.2,7,0.8358039755351682,0.25876186029460363,3.3678019046783447
ER,4,uncorr,1,bistable,1.3,0.2,8,0.6728267561983471,0.3164970578803318,3.8724210262298584
ER,4,uncorr,1,bistable,1.3,0.2,9,0.8155131979695431,0.2769680036418958,3.4646008014678955
ER,4,uncorr,2,coop,1.3,0.1,0,1.0,0.0,2.9649457931518555
ER,4,uncorr,2,coop,1.3,0.1,1,1.0,0.0,2.987004280090332
ER,4,uncorr,2,coop,1.3,0.1,2,1.0,0.0,3.0386948585510254
ER,4,uncorr,2,coop,1.3,0.1,3,1.0,0.0,2.9320480823516846
ER,4,uncorr,2,coop,1.3,0.1,4,1.0,0.0,2.9696621894836426
ER,4,uncorr,2,coop,1.3,0.1,5,1.0,0.0,2.9311811923980713
ER,4,uncorr,2,coop,1.3,0.1,6,1.0,0.0,2.9565210342407227
ER,4,uncorr,2,coop,1.3,0.1,7,1.0,0.0,2.9524009227752686
ER,4,uncorr,2,coop,1.3,0.1,8,0.9860865702479339,0.09803759812573715,3.077587127685547
ER,4,uncorr,2,coop,1.3,0.1,9,1.0,0.0,2.973602056503296
ER,4,uncorr,2,defect,1.7,0.0,0,0.0016079510703363915,0.004787492041173818,3.301568031311035
ER,4,uncorr,2,defect,1.7,0.0,1,0.0,0.0,3.2903270721435547
ER,4,uncorr,2,defect,1.7,0.0,2,0.0002755102040816328,0.0016111492275426155,3.3869688510894775
ER,4,uncorr,2,defect,1.7,0.0,3,0.0012163286004056798,0.003054415020840092,3.337414264678955
ER,4,uncorr,2,defect,1.7,0.0,4,0.0,0.0,3.296121120452881
ER,4,uncorr,2,defect,1.7,0.0,5,0.00010909090909090907,0.000673804686681321,3.26554012298584
ER,4,uncorr,2,defect,1.7,0.0,6,0.00011322482197355035,0.0010484761934649806,3.2792861461639404
ER,4,uncorr,2,defect,1.7,0.0,7,0.002242405708460753,0.003041541926698402,3.2969882488250732
ER,4,uncorr,2,defect,1.7,0.0,8,4.028925619834711e-06,4.028925619834709e-05,3.284377098083496
ER,4,uncorr,2,defect,1.7,0.0,9,0.0008479187817258881,0.0026973574198603896,3.360724925994873
ER,4,uncorr,2,transition,1.3,0.6,0,0.4205606523955147,0.02664095985291841,5.124445915222168
ER,4,uncorr,2,transition,1.3,0.6,1,0.3882603465851172,0.02919362143416679,5.33808708190918
ER,4,uncorr,2,transition,1.3,0.6,2,0.402478469387755,0.02651344428495079,5.539279937744141
ER,4,uncorr,2,transition,1.3,0.6,3,0.39004249492900606,0.025810697867408534,5.743475914001465
ER,4,uncorr,2,transition,1.3,0.6,4,0.40875516888433977,0.028826037825175607,5.303226947784424
ER,4,uncorr,2,transition,1.3,0.6,5,0.4500240702479339,0.032477953930424026,5.312453985214233
ER,4,uncorr,2,transition,1.3,0.6,6,0.3793859613428281,0.025152021361567658,5.198032855987549
ER,4,uncorr,2,transition,1.3,0.6,7,0.4360123343527015,0.03128665869139928,5.177006959915161
ER,4,uncorr,2,transition,1.3,0.6,8,0.3726495867768594,0.032981287942550834,4.948545932769775
ER,4,uncorr,2,transition,1.3,0.6,9,0.4088716751269035,0.02818969906385096,5.625536918640137
ER,4,uncorr,2,bistable,1.5,0.0,0,0.9214726809378186,0.2676918477402417,3.073758125305176
ER,4,uncorr,2,bistable,1.5,0.0,1,0.9209664627930684,0.2693798045814277,3.094398021697998
ER,4,uncorr,2,bistable,1.5,0.0,2,0.9303737755102042,0.25507898263407747,3.1444900035858154
ER,4,uncorr,2,bistable,1.5,0.0,3,0.8508721095334686,0.3550318026335613,3.3356480598449707
ER,4,uncorr,2,bistable,1.5,0.0,4,0.8013566018423747,0.39931159378148146,3.1573870182037354
ER,4,uncorr,2,bistable,1.5,0.0,5,0.8820065082644628,0.321198446220627,3.1003520488739014
ER,4,uncorr,2,bistable,1.5,0.0,6,0.8822379450661241,0.32078388580201006,3.1677370071411133
ER,4,uncorr,2,bistable,1.5,0.0,7,0.8712750254841999,0.3347161300973664,3.0750012397766113
ER,4,uncorr,2,bistable,1.5,0.0,8,0.687889256198347,0.45807742368635807,3.2418570518493652
ER,4,uncorr,2,bistable,1.5,0.0,9,0.890813502538071,0.31167430466416274,3.1906800270080566
ER,4,uncorr,3,coop,1.2,0.1,0,1.0,0.0,4.724138975143433
ER,4,uncorr,3,coop,1.2,0.1,1,1.0,0.0,4.802886962890625
ER,4,uncorr,3,coop,1.2,0.1,2,1.0,0.0,5.26872706413269
ER,4,uncorr,3,coop,1.2,0.1,3,1.0,0.0,4.842641830444336
ER,4,uncorr,3,coop,1.2,0.1,4,1.0,0.0,4.805905342102051
ER,4,uncorr,3,coop,1.2,0.1,5,1.0,0.0,4.754692077636719
ER,4,uncorr,3,coop,1.2,0.1,6,1.0,0.0,4.569839000701904
ER,4,uncorr,3,coop,1.2,0.1,7,1.0,0.0,4.656505823135376
ER,4,uncorr,3,coop,1.2,0.1,8,1.0,0.0,4.801855087280273
ER,4,uncorr,3,coop,1.2,0.1,9,0.9999313705583757,0.0006862944162436711,4.83218789100647
ER,4,uncorr,3,defect,1.7,0.1,0,0.0006572884811416924,0.002135959811134824,4.886898040771484
ER,4,uncorr,3,defect,1.7,0.1,1,7.2375127420999e-06,7.2375127420999e-05,4.906023263931274
ER,4,uncorr,3,defect,1.7,0.1,2,7.795918367346944e-05,0.0007795918367346941,5.449908971786499
ER,4,uncorr,3,defect,1.7,0.1,3,0.0005476673427991887,0.001861742230973802,5.188101053237915
ER,4,uncorr,3,defect,1.7,0.1,4,0.0,0.0,5.018532991409302
ER,4,uncorr,3,defect,1.7,0.1,5,0.0,0.0,4.970447063446045
ER,4,uncorr,3,defect,1.7,0.1,6,0.0,0.0,4.903236150741577
ER,4,uncorr,3,defect,1.7,0.1,7,0.0020532110091743107,0.002604522216303343,5.013878107070923
ER,4,uncorr,3,defect,1.7,0.1,8,4.028925619834711e-06,4.028925619834709e-05,4.998911142349243
ER,4,uncorr,3,defect,1.7,0.1,9,0.000762944162436548,0.0030669606348177453,5.132692813873291
ER,4,uncorr,3,transition,1.3,0.3,0,0.4546189602446484,0.12834500520509035,7.52770209312439
ER,4,uncorr,3,transition,1.3,0.3,1,0.4354916411824669,0.16978399577680586,7.461801052093506
ER,4,uncorr,3,transition,1.3,0.3,2,0.4759430612244897,0.205752185900279,8.699723958969116
ER,4,uncorr,3,transition,1.3,0.3,3,0.4148454361054768,0.1509727735143453,8.380131006240845
ER,4,uncorr,3,transition,1.3,0.3,4,0.4429801432958034,0.1441575508648864,7.801222801208496
ER,4,uncorr,3,transition,1.3,0.3,5,0.4925357438016529,0.15474365116546146,8.758126735687256
ER,4,uncorr,3,transition,1.3,0.3,6,0.43620651068158695,0.17982635585731652,7.12188196182251
ER,4,uncorr,3,transition,1.3,0.3,7,0.46143832823649333,0.11423130866153086,8.604405164718628
ER,4,uncorr,3,transition,1.3,0.3,8,0.39500805785123966,0.11092827730481856,7.901187181472778
ER,4,uncorr,3,transition,1.3,0.3,9,0.43000791878172584,0.12003245998556762,8.04180121421814
ER,4,uncorr,3,bistable,1.5,0.1,0,0.5319497451580021,0.48991527993776807,4.941157102584839
ER,4,uncorr,3,bistable,1.5,0.1,1,0.3792888888888889,0.478338966971387,5.08487606048584
ER,4,uncorr,3,bistable,1.5,0.1,2,0.6047858163265306,0.48661956745075613,5.470047950744629
ER,4,uncorr,3,bistable,1.5,0.1,3,0.38337383367139954,0.4752036896812375,5.423083066940308
ER,4,uncorr,3,bistable,1.5,0.1,4,0.48759559877175024,0.4950034136684096,5.012131214141846
ER,4,uncorr,3,bistable,1.5,0.1,5,0.5017060950413224,0.491375690146572,4.930917739868164
ER,4,uncorr,3,bistable,1.5,0.1,6,0.4797358087487284,0.4926662441635026,4.952649116516113
ER,4,uncorr,3,bistable,1.5,0.1,7,0.477668501529052,0.49446865395291656,4.901823997497559
ER,4,uncorr,3,bistable,1.5,0.1,8,0.31102510330578514,0.4535869625464218,5.146972894668579
ER,4,uncorr,3,bistable,1.5,0.1,9,0.4594288324873096,0.4820023221136709,5.408786773681641
ER,4,uncorr,4,coop,1.1,0.3,0,0.999956880733945,0.00043119266055046106,10.432101964950562
ER,4,uncorr,4,coop,1.1,0.3,1,1.0,0.0,10.43837833404541
ER,4,uncorr,4,coop,1.1,0.3,2,1.0,0.0,12.161993026733398
ER,4,uncorr,4,coop,1.1,0.3,3,1.0,0.0,10.75436782836914
ER,4,uncorr,4,coop,1.1,0.3,4,0.9999868986693962,0.00013101330603888518,10.719129085540771
ER,4,uncorr,4,coop,1.1,0.3,5,0.9999780991735537,0.00021900826446280552,10.649281978607178
ER,4,uncorr,4,coop,1.1,0.3,6,1.0,0.0,9.850328207015991
ER,4,uncorr,4,coop,1.1,0.3,7,0.9997299694189603,0.0018786601452939011,10.208951950073242
ER,4,uncorr,4,coop,1.1,0.3,8,0.9997019628099173,0.001731406985268952,10.690629959106445
ER,4,uncorr,4,coop,1.1,0.3,9,0.9998374619289341,0.0011575245572287977,10.636104822158813
ER,4,uncorr,4,defect,1.7,0.0,0,0.0024365953109072376,0.005533443467239912,10.570549964904785
ER,4,uncorr,4,defect,1.7,0.0,1,0.00012548419979612635,0.0012548419979612638,10.467509984970093
ER,4,uncorr,4,defect,1.7,0.0,2,9.88775510204082e-05,0.0008058565001287406,12.047864198684692
ER,4,uncorr,4,defect,1.7,0.0,3,0.011391784989858015,0.09993836051339532,11.355658054351807
ER,4,uncorr,4,defect,1.7,0.0,4,0.0,0.0,10.62734580039978
ER,4,uncorr,4,defect,1.7,0.0,5,0.020120971074380167,0.14068968225856543,10.555176973342896
ER,4,uncorr,4,defect,1.7,0.0,6,0.00039420142421159733,0.0026258506619546112,10.250141859054565
ER,4,uncorr,4,defect,1.7,0.0,7,0.01231600407747197,0.09981550393421715,10.771677732467651
ER,4,uncorr,4,defect,1.7,0.0,8,0.00012489669421487603,0.0005790620097256032,10.680366277694702
ER,4,uncorr,4,defect,1.7,0.0,9,0.0015593908629441624,0.004230425338813512,11.197032928466797
ER,4,uncorr,4,transition,1.4,0.2,0,0.8197120285423037,0.3319114253082741,11.662657976150513
ER,4,uncorr,4,transition,1.4,0.2,1,0.5871750254841998,0.4071357926355874,13.537617921829224
ER,4,uncorr,4,transition,1.4,0.2,2,0.785155306122449,0.3552612932955046,13.471899032592773
ER,4,uncorr,4,transition,1.4,0.2,3,0.6254005070993915,0.4089782471944816,13.132575988769531
ER,4,uncorr,4,transition,1.4,0.2,4,0.6365450358239508,0.40514112418811093,12.931696891784668
ER,4,uncorr,4,transition,1.4,0.2,5,0.7407638429752068,0.3715609587500158,12.886948823928833
ER,4,uncorr,4,transition,1.4,0.2,6,0.7242623601220753,0.38686039602431804,11.805948257446289
ER,4,uncorr,4,transition,1.4,0.2,7,0.7106256880733944,0.38891907547855675,13.677176237106323
ER,4,uncorr,4,transition,1.4,0.2,8,0.5353627066115703,0.41468507050316494,14.744704961776733
ER,4,uncorr,4,transition,1.4,0.2,9,0.7191329949238578,0.3854429353860397,13.575371026992798
ER,4,uncorr,4,bistable,1.5,0.1,0,0.7190348623853211,0.44216970605282846,10.529652833938599
ER,4,uncorr,4,bistable,1.5,0.1,1,0.5760847094801224,0.4906354607819637,10.706902027130127
ER,4,uncorr,4,bistable,1.5,0.1,2,0.716315,0.446372804026659,12.66254210472107
ER,4,uncorr,4,bistable,1.5,0.1,3,0.6298958417849898,0.4747659391909004,11.367347002029419
ER,4,uncorr,4,bistable,1.5,0.1,4,0.6663467758444217,0.4674165708564245,10.959419012069702
ER,4,uncorr,4,bistable,1.5,0.1,5,0.6854736570247933,0.460949726648756,10.84893012046814
ER,4,uncorr,4,bistable,1.5,0.1,6,0.6853271617497455,0.46121899523758025,10.327470779418945
ER,4,uncorr,4,bistable,1.5,0.1,7,0.6944621814475024,0.4582020970928534,10.502810001373291
ER,4,uncorr,4,bistable,1.5,0.1,8,0.5688970041322313,0.4889938692108479,10.92186689376831
ER,4,uncorr,4,bistable,1.5,0.1,9,0.7677403045685278,0.4156801537302301,11.203973770141602
ER,16,corr,1,coop,1.1,0.1,0,0.9977333999999999,0.0070473167355894475,2.919281005859375
ER,16,corr,1,coop,1.1,0.1,1,0.9952114999999998,0.008738237736373175,2.9090981483459473
ER,16,corr,1,coop,1.1,0.1,2,1.0,0.0,2.8897018432617188
ER,16,corr,1,coop,1.1,0.1,3,0.9983297999999999,0.006940492804090923,2.950180768966675
ER,16,corr,1,coop,1.1,0.1,4,0.9997495000000001,0.001438126148215744,2.892677068710327
ER,16,corr,1,coop,1.1,0.1,5,0.9983472,0.004949604020484546,2.9314498901367188
ER,16,corr,1,coop,1.1,0.1,6,0.9987621,0.00676378283002325,2.8979499340057373
ER,16,corr,1,coop,1.1,0.1,7,0.999677,0.0022724545088845627,2.934281826019287
ER,16,corr,1,coop,1.1,0.1,8,0.9986078,0.005304062590090484,2.9023780822753906
ER,16,corr,1,coop,1.1,0.1,9,0.9994160999999999,0.0033795573480394046,2.8985660076141357
ER,16,corr,1,defect,1.4,0.0,0,0.002256999999999999,0.009130010842260696,3.255769968032837
ER,16,corr,1,defect,1.4,0.0,1,0.00027959999999999997,0.0027960000000000003,3.2076008319854736
ER,16,corr,1,defect,1.4,0.0,2,0.0008827000000000003,0.006388670979068174,3.2104740142822266
ER,16,corr,1,defect,1.4,0.0,3,0.0005527999999999999,0.005528000000000001,3.292746067047119
ER,16,corr,1,defect,1.4,0.0,4,0.0010264999999999992,0.007264732210543553,3.2165372371673584
ER,16,corr,1,defect,1.4,0.0,5,0.002820399999999999,0.011333065854241103,3.226963996887207
ER,16,corr,1,defect,1.4,0.0,6,0.00121,0.006983659571464021,3.1889638900756836
ER,16,corr,1,defect,1.4,0.0,7,0.0014710999999999997,0.007306220111188225,3.2211079597473145
ER,16,corr,1,defect,1.4,0.0,8,0.0037986000000000005,0.012488523298685807,3.2186338901519775
ER,16,corr,1,defect,1.4,0.0,9,0.0030660999999999996,0.011498321519581748,3.27339506149292
ER,16,corr,1,transition,1.1,0.3,0,0.3314045,0.028165038445856348,5.297539234161377
ER,16,corr,1,transition,1.1,0.3,1,0.3047100000000001,0.03175756370575761,11.107638120651245
ER,16,corr,1,transition,1.1,0.3,2,0.30301409999999995,0.028927182948279492,9.895807027816772
ER,16,corr,1,transition,1.1,0.3,3,0.3208289,0.024245346149083722,5.731543064117432
ER,16,corr,1,transition,1.1,0.3,4,0.3017259,0.027671199522611985,5.585256338119507
ER,16,corr,1,transition,1.1,0.3,5,0.31924100000000005,0.03238179082088692,5.276026010513306
ER,16,corr,1,transition,1.1,0.3,6,0.32427819999999996,0.028078683434127373,5.299769163131714
ER,16,corr,1,transition,1.1,0.3,7,0.3051979,0.03038820352912086,5.475503206253052
ER,16,corr,1,transition,1.1,0.3,8,0.31312900000000005,0.03018247486355101,5.553256034851074
ER,16,corr,1,transition,1.1,0.3,9,0.31829260000000004,0.02993460396236834,5.080459833145142
ER,16,corr,1,bistable,1.1,0.2,0,0.8631601999999999,0.27069799893280005,3.438621997833252
ER,16,corr,1,bistable,1.1,0.2,1,0.7246554,0.3405896542270552,4.028377056121826
ER,16,corr,1,bistable,1.1,0.2,2,0.7876453999999999,0.32642463474208716,3.6134371757507324
ER,16,corr,1,bistable,1.1,0.2,3,0.8164063,0.30173172814438987,3.5399858951568604
ER,16,corr,1,bistable,1.1,0.2,4,0.7997392999999999,0.3149551175183858,4.227069139480591
ER,16,corr,1,bistable,1.1,0.2,5,0.7160999,0.33394453923040585,4.126610994338989
ER,16,corr,1,bistable,1.1,0.2,6,0.8018696,0.3049195903043186,3.8525750637054443
ER,16,corr,1,bistable,1.1,0.2,7,0.7495125999999999,0.3358626151987167,4.006019830703735
ER,16,corr,1,bistable,1.1,0.2,8,0.7975999,0.3165240399107215,3.8351259231567383
ER,16,corr,1,bistable,1.1,0.2,9,0.8517778,0.2792168774947879,3.3098747730255127
ER,16,corr,2,coop,1.2,0.0,0,0.9986035999999998,0.004371439565954083,9.251763343811035
ER,16,corr,2,coop,1.2,0.0,1,0.9958635999999998,0.006644687331799414,9.555087089538574
ER,16,corr,2,coop,1.2,0.0,2,0.9998618,0.001382000000000016,9.386972904205322
ER,16,corr,2,coop,1.2,0.0,3,0.9987343,0.005575686079993009,9.51726484298706
ER,16,corr,2,coop,1.2,0.0,4,1.0,0.0,9.176157236099243
ER,16,corr,2,coop,1.2,0.0,5,0.9985287999999999,0.003957211363798836,9.146358966827393
ER,16,corr,2,coop,1.2,0.0,6,0.9976774999999999,0.0074657087284586456,9.381656646728516
ER,16,corr,2,coop,1.2,0.0,7,0.9993356,0.0029996947050046096,9.284460067749023
ER,16,corr,2,coop,1.2,0.0,8,0.9990481,0.003544140617578875,9.216012954711914
ER,16,corr,2,coop,1.2,0.0,9,0.9993958000000001,0.002649818815990285,9.11932373046875
ER,16,corr,2,defect,1.4,0.1,0,0.0,0.0,9.40730905532837
ER,16,corr,2,defect,1.4,0.1,1,0.0,0.0,9.440099954605103
ER,16,corr,2,defect,1.4,0.1,2,0.0,0.0,9.507493257522583
ER,16,corr,2,defect,1.4,0.1,3,0.0,0.0,9.54710602760315
ER,16,corr,2,defect,1.4,0.1,4,0.0,0.0,9.775375127792358
ER,16,corr,2,defect,1.4,0.1,5,0.0,0.0,16.602953910827637
ER,16,corr,2,defect,1.4,0.1,6,0.0,0.0,9.500280141830444
ER,16,corr,2,defect,1.4,0.1,7,0.0,0.0,9.359438180923462
ER,16,corr,2,defect,1.4,0.1,8,0.0,0.0,9.355244159698486
ER,16,corr,2,defect,1.4,0.1,9,0.0,0.0,9.268831968307495
ER,16,corr,2,transition,1.2,0.3,0,0.455609,0.4351025841619932,10.860841035842896
ER,16,corr,2,transition,1.2,0.3,1,0.2941763,0.37614599130263293,11.298258781433105
ER,16,corr,2,transition,1.2,0.3,2,0.3797181,0.41897985410379623,11.271830081939697
ER,16,corr,2,transition,1.2,0.3,3,0.3985134,0.4253584401211085,10.904582977294922
ER,16,corr,2,transition,1.2,0.3,4,0.3731434,0.4131244285626207,10.730433940887451
ER,16,corr,2,transition,1.2,0.3,5,0.41112809999999994,0.42380198842301686,10.722630262374878
ER,16,corr,2,transition,1.2,0.3,6,0.5132524,0.45143901174073836,10.643135070800781
ER,16,corr,2,transition,1.2,0.3,7,0.4514766,0.4408358222928418,10.836083889007568
ER,16,corr,2,transition,1.2,0.3,8,0.4160316,0.43139015865839264,11.07590103149414
ER,16,corr,2,transition,1.2,0.3,9,0.4668759,0.4470607934640626,10.538744926452637
ER,16,corr,3,coop,1.1,0.2,0,0.9980224,0.004985311985820038,28.203484058380127
ER,16,corr,3,coop,1.1,0.2,1,0.9941895,0.00784268666280326,28.78119421005249
ER,16,corr,3,coop,1.1,0.2,2,0.9932812,0.067188,28.18212389945984
ER,16,corr,3,coop,1.1,0.2,3,0.9970892,0.008480308585008697,28.24330496788025
ER,16,corr,3,coop,1.1,0.2,4,1.0,0.0,27.782270908355713
ER,16,corr,3,coop,1.1,0.2,5,0.9983434,0.004152719255153411,28.381255865097046
ER,16,corr,3,coop,1.1,0.2,6,0.9978631,0.007396737158772222,28.118842840194702
ER,16,corr,3,coop,1.1,0.2,7,0.9922074000000001,0.06798207646464208,28.913930892944336
ER,16,corr,3,coop,1.1,0.2,8,0.9997286,0.0019445344383215175,28.233754873275757
ER,16,corr,3,coop,1.1,0.2,9,0.9993527,0.0029502545190666983,27.94883131980896
ER,16,corr,3,defect,1.4,0.1,0,0.00029289999999999986,0.002928999999999998,27.938069105148315
ER,16,corr,3,defect,1.4,0.1,1,0.0,0.0,27.988456964492798
ER,16,corr,3,defect,1.4,0.1,2,0.0,0.0,34.07330393791199
ER,16,corr,3,defect,1.4,0.1,3,0.0003244999999999999,0.003245,28.084742069244385
ER,16,corr,3,defect,1.4,0.1,4,0.0,0.0,27.886038780212402
ER,16,corr,3,defect,1.4,0.1,5,0.0,0.0,28.069162845611572
ER,16,corr,3,defect,1.4,0.1,6,0.0,0.0,27.98706078529358
ER,16,corr,3,defect,1.4,0.1,7,0.0,0.0,27.990946054458618
ER,16,corr,3,defect,1.4,0.1,8,0.0,0.0,27.99891996383667
ER,16,corr,3,defect,1.4,0.1,9,0.0,0.0,27.846627712249756
ER,16,corr,3,transition,1.2,0.4,0,0.42775230000000003,0.4306080835022548,33.98831105232239
ER,16,corr,3,transition,1.2,0.4,1,0.27964649999999996,0.36142017606578664,36.599778175354004
ER,16,corr,3,transition,1.2,0.4,2,0.3390333,0.40559114465970997,33.18833613395691
ER,16,corr,3,transition,1.2,0.4,3,0.2912182,0.36718286216191265,35.28707575798035
ER,16,corr,3,transition,1.2,0.4,4,0.3674998,0.4067219650479733,31.894940853118896
ER,16,corr,3,transition,1.2,0.4,5,0.346691,0.3990945793412834,32.69714689254761
ER,16,corr,3,transition,1.2,0.4,6,0.3430785,0.4013519825461023,33.49228620529175
ER,16,corr,3,transition,1.2,0.4,7,0.3421559,0.4023871875259454,34.26073217391968
ER,16,corr,3,transition,1.2,0.4,8,0.31418950000000007,0.38901970339176933,33.343910932540894
ER,16,corr,3,transition,1.2,0.4,9,0.4158290000000001,0.4315869492449764,35.35092091560364
ER,16,corr,4,coop,1.2,0.0,0,0.9976335999999999,0.005417828690275585,29.22491717338562
ER,16,corr,4,coop,1.2,0.0,1,0.9952048999999998,0.00719011814783322,29.714383840560913
ER,16,corr,4,coop,1.2,0.0,2,1.0,0.0,28.929487943649292
ER,16,corr,4,coop,1.2,0.0,3,0.9972193999999999,0.007653959669756904,29.308809995651245
ER,16,corr,4,coop,1.2,0.0,4,1.0,0.0,28.849943161010742
ER,16,corr,4,coop,1.2,0.0,5,0.9989028999999999,0.0033303299484671598,29.215738773345947
ER,16,corr,4,coop,1.2,0.0,6,0.9979973,0.006898384799239996,29.038641929626465
ER,16,corr,4,coop,1.2,0.0,7,0.9995750999999999,0.002450162433287926,29.171068906784058
ER,16,corr,4,coop,1.2,0.0,8,0.9990875,0.0037273012348011518,29.255675077438354
ER,16,corr,4,coop,1.2,0.0,9,0.9981939999999999,0.004758392479598553,29.102988958358765
ER,16,corr,4,defect,1.4,0.1,0,0.0,0.0,28.950199842453003
ER,16,corr,4,defect,1.4,0.1,1,0.009729199999999999,0.097292,34.91572284698486
ER,16,corr,4,defect,1.4,0.1,2,0.0004230999999999998,0.0029770725553805353,28.959916830062866
ER,16,corr,4,defect,1.4,0.1,3,0.01,0.09999999999999999,28.8501877784729
ER,16,corr,4,defect,1.4,0.1,4,0.0,0.0,28.95031213760376
ER,16,corr,4,defect,1.4,0.1,5,0.0,0.0,29.08508014678955
ER,16,corr,4,defect,1.4,0.1,6,0.02,0.14070529413628965,28.907643795013428
ER,16,corr,4,defect,1.4,0.1,7,0.01,0.09999999999999999,28.932955980300903
ER,16,corr,4,defect,1.4,0.1,8,0.01,0.09999999999999999,29.10685396194458
ER,16,corr,4,defect,1.4,0.1,9,0.0,0.0,28.893125295639038
ER,16,corr,4,transition,1.2,0.4,0,0.6916385999999999,0.42781493403795395,33.49848818778992
ER,16,corr,4,transition,1.2,0.4,1,0.47926269999999993,0.4405159488963257,36.75215792655945
ER,16,corr,4,transition,1.2,0.4,2,0.5567677000000001,0.4552436296501916,32.71674990653992
ER,16,corr,4,transition,1.2,0.4,3,0.5433639,0.4496416152958359,33.19024586677551
ER,16,corr,4,transition,1.2,0.4,4,0.5564355000000001,0.4654012627620982,32.314841985702515
ER,16,corr,4,transition,1.2,0.4,5,0.5653684999999999,0.45456331301163216,33.10316610336304
ER,16,corr,4,transition,1.2,0.4,6,0.6760819000000001,0.43131557950838795,31.94840407371521
ER,16,corr,4,transition,1.2,0.4,7,0.6147133,0.44604479861310803,31.925995111465454
ER,16,corr,4,transition,1.2,0.4,8,0.6701295999999999,0.4320300634692596,31.89206600189209
ER,16,corr,4,transition,1.2,0.4,9,0.6616458999999999,0.43372934334789937,31.730954885482788
ER,16,corr,4,bistable,1.3,0.2,0,0.4717165,0.4961530359674799,30.71569514274597
ER,16,corr,4,bistable,1.3,0.2,1,0.25210319999999997,0.4296015377793517,30.523165225982666
ER,16,corr,4,bistable,1.3,0.2,2,0.3843065,0.4846393294203016,29.827815294265747
ER,16,corr,4,bistable,1.3,0.2,3,0.34808369999999994,0.4686981634781471,29.750192880630493
ER,16,corr,4,bistable,1.3,0.2,4,0.3392984,0.46645173079435615,31.177491903305054
ER,16,corr,4,bistable,1.3,0.2,5,0.5164977,0.4952993364589505,30.50892686843872
ER,16,corr,4,bistable,1.3,0.2,6,0.44298269999999995,0.4937993222087779,30.29796314239502
ER,16,corr,4,bistable,1.3,0.2,7,0.4234576,0.4925841255580184,29.5861599445343
ER,16,corr,4,bistable,1.3,0.2,8,0.3977794,0.48386152452410175,30.45981216430664
ER,16,corr,4,bistable,1.3,0.2,9,0.46313799999999994,0.49684655124173704,30.000110149383545
ER,16,uncorr,1,coop,1.1,0.0,0,0.9984789000000001,0.004286272872953276,12.436810970306396
ER,16,uncorr,1,coop,1.1,0.0,1,0.9973793000000001,0.005367682616993025,2.955106735229492
ER,16,uncorr,1,coop,1.1,0.0,2,0.9998037,0.00196300000000007,2.9115099906921387
ER,16,uncorr,1,coop,1.1,0.0,3,0.9976733,0.007485959659943748,2.9218740463256836
ER,16,uncorr,1,coop,1.1,0.0,4,0.999845,0.0010907031371245384,2.909008026123047
ER,16,uncorr,1,coop,1.1,0.0,5,0.9989053,0.0033992561441194362,2.9483530521392822
ER,16,uncorr,1,coop,1.1,0.0,6,0.9984960999999999,0.006623931496833944,2.9536778926849365
ER,16,uncorr,1,coop,1.1,0.0,7,0.9995743,0.0025041437396217977,2.9174458980560303
ER,16,uncorr,1,coop,1.1,0.0,8,0.9998163999999999,0.0018360000000000704,2.902020215988159
ER,16,uncorr,1,coop,1.1,0.0,9,0.9998254,0.0017460000000000362,2.8919191360473633
ER,16,uncorr,1,defect,1.4,0.0,0,0.0,0.0,3.201606035232544
ER,16,uncorr,1,defect,1.4,0.0,1,0.0,0.0,3.2319889068603516
ER,16,uncorr,1,defect,1.4,0.0,2,0.0,0.0,3.188861846923828
ER,16,uncorr,1,defect,1.4,0.0,3,0.0,0.0,3.2237119674682617
ER,16,uncorr,1,defect,1.4,0.0,4,0.0,0.0,3.1833789348602295
ER,16,uncorr,1,defect,1.4,0.0,5,0.0007827999999999996,0.004665642112639192,3.201659917831421
ER,16,uncorr,1,defect,1.4,0.0,6,0.0,0.0,3.173881769180298
ER,16,uncorr,1,defect,1.4,0.0,7,0.0,0.0,3.224802017211914
ER,16,uncorr,1,defect,1.4,0.0,8,0.0,0.0,3.190694808959961
ER,16,uncorr,1,defect,1.4,0.0,9,0.00027419999999999983,0.0027419999999999988,3.1938700675964355
ER,16,uncorr,1,transition,1.1,0.2,0,0.5296623000000001,0.3096502144824059,4.734488010406494
ER,16,uncorr,1,transition,1.1,0.2,1,0.38650369999999995,0.2285689164320008,5.381970167160034
ER,16,uncorr,1,transition,1.1,0.2,2,0.4136425000000001,0.25849230388236727,15.024587154388428
ER,16,uncorr,1,transition,1.1,0.2,3,0.45388090000000003,0.2750444153851071,4.604552984237671
ER,16,uncorr,1,transition,1.1,0.2,4,0.41098499999999993,0.2504746015209341,4.739531993865967
ER,16,uncorr,1,transition,1.1,0.2,5,0.41454830000000004,0.23858021757533232,5.104640007019043
ER,16,uncorr,1,transition,1.1,0.2,6,0.49835789999999996,0.29861671115055455,4.5657360553741455
ER,16,uncorr,1,transition,1.1,0.2,7,0.44496339999999995,0.280165833493326,4.963658094406128
ER,16,uncorr,1,transition,1.1,0.2,8,0.44422130000000004,0.2712350990727417,5.081824064254761
ER,16,uncorr,1,transition,1.1,0.2,9,0.5126427,0.31354544243607557,4.73368501663208
ER,16,uncorr,2,coop,1.1,0.1,0,0.9988334000000001,0.0037935376256434373,9.288982152938843
ER,16,uncorr,2,coop,1.1,0.1,1,0.9888366999999999,0.06849283218496059,9.384428977966309
ER,16,uncorr,2,coop,1.1,0.1,2,1.0,0.0,9.238224983215332
ER,16,uncorr,2,coop,1.1,0.1,3,0.9979369,0.0070684471306210845,9.256884098052979
ER,16,uncorr,2,coop,1.1,0.1,4,1.0,0.0,9.21263074874878
ER,16,uncorr,2,coop,1.1,0.1,5,0.9980173999999999,0.004471281564415718,9.31035304069519
ER,16,uncorr,2,coop,1.1,0.1,6,0.9969335999999999,0.008418404503457955,9.117023944854736
ER,16,uncorr,2,coop,1.1,0.1,7,0.9925074,0.06915538517152675,9.122305154800415
ER,16,uncorr,2,coop,1.1,0.1,8,0.9992758,0.003286980493960565,9.298891067504883
ER,16,uncorr,2,coop,1.1,0.1,9,0.9991288,0.0034860386131139874,9.309875965118408
ER,16,uncorr,2,defect,1.4,0.0,0,0.0,0.0,9.487077713012695
ER,16,uncorr,2,defect,1.4,0.0,1,0.0,0.0,9.387521028518677
ER,16,uncorr,2,defect,1.4,0.0,2,0.0,0.0,17.46396493911743
ER,16,uncorr,2,defect,1.4,0.0,3,0.0,0.0,9.440688133239746
ER,16,uncorr,2,defect,1.4,0.0,4,0.0,0.0,9.471254825592041
ER,16,uncorr,2,defect,1.4,0.0,5,0.0,0.0,9.469286918640137
ER,16,uncorr,2,defect,1.4,0.0,6,0.0,0.0,9.391196250915527
ER,16,uncorr,2,defect,1.4,0.0,7,0.0,0.0,9.335994720458984
ER,16,uncorr,2,defect,1.4,0.0,8,0.0,0.0,9.531418800354004
ER,16,uncorr,2,defect,1.4,0.0,9,0.00029839999999999977,0.002983999999999998,9.57863187789917
ER,16,uncorr,2,transition,1.2,0.0,0,0.6917007999999999,0.3918572154089298,14.495349884033203
ER,16,uncorr,2,transition,1.2,0.0,1,0.27298199999999995,0.28485340949869337,16.73302125930786
ER,16,uncorr,2,transition,1.2,0.0,2,0.28892280000000004,0.29043279696634977,15.406000852584839
ER,16,uncorr,2,transition,1.2,0.0,3,0.6088676,0.40938333308565855,14.509331226348877
ER,16,uncorr,2,transition,1.2,0.0,4,0.3316977,0.3263589398622166,17.198471069335938
ER,16,uncorr,2,transition,1.2,0.0,5,0.5625351,0.40389588398495696,15.858386993408203
ER,16,uncorr,2,transition,1.2,0.0,6,0.6389529999999999,0.409349023866436,16.59280014038086
ER,16,uncorr,2,transition,1.2,0.0,7,0.3973892999999999,0.3689542077475964,16.196622133255005
ER,16,uncorr,2,transition,1.2,0.0,8,0.41085520000000003,0.3686917623835045,16.252321004867554
ER,16,uncorr,2,transition,1.2,0.0,9,0.552688,0.40659920220325474,15.215436220169067
ER,16,uncorr,3,coop,1.1,0.0,0,0.9981078999999999,0.005223102583327393,28.223835229873657
ER,16,uncorr,3,coop,1.1,0.0,1,0.9937421,0.007484440600406449,28.752531051635742
ER,16,uncorr,3,coop,1.1,0.0,2,0.9997149999999999,0.002850000000000008,27.936594009399414
ER,16,uncorr,3,coop,1.1,0.0,3,0.9979955000000001,0.0069575280608254715,28.28209114074707
ER,16,uncorr,3,coop,1.1,0.0,4,1.0,0.0,27.87905478477478
ER,16,uncorr,3,coop,1.1,0.0,5,0.9975109999999999,0.005665465558981092,28.298264026641846
ER,16,uncorr,3,coop,1.1,0.0,6,0.9987076,0.005688369868211542,28.031691074371338
ER,16,uncorr,3,coop,1.1,0.0,7,0.9985685000000001,0.0044271762610568885,28.213913917541504
ER,16,uncorr,3,coop,1.1,0.0,8,0.9997137,0.0020247851388693577,28.174516916275024
ER,16,uncorr,3,coop,1.1,0.0,9,0.9995160999999999,0.0025112425573445493,27.963622093200684
ER,16,uncorr,3,defect,1.4,0.1,0,0.0,0.0,27.824299097061157
ER,16,uncorr,3,defect,1.4,0.1,1,0.0,0.0,27.7379789352417
ER,16,uncorr,3,defect,1.4,0.1,2,0.0,0.0,33.91872000694275
ER,16,uncorr,3,defect,1.4,0.1,3,0.0,0.0,27.885023832321167
ER,16,uncorr,3,defect,1.4,0.1,4,0.0,0.0,28.139100074768066
ER,16,uncorr,3,defect,1.4,0.1,5,0.0,0.0,27.790852069854736
ER,16,uncorr,3,defect,1.4,0.1,6,0.0,0.0,27.73741126060486
ER,16,uncorr,3,defect,1.4,0.1,7,0.0002626999999999998,0.002626999999999998,27.681130170822144
ER,16,uncorr,3,defect,1.4,0.1,8,0.0002486999999999999,0.0024869999999999988,27.784535884857178
ER,16,uncorr,3,defect,1.4,0.1,9,9.920000000000005e-05,0.0009920000000000005,27.845531940460205
ER,16,uncorr,3,transition,1.2,0.2,0,0.7031807999999999,0.4215797927868724,30.693820238113403
ER,16,uncorr,3,transition,1.2,0.2,1,0.4545721,0.4454051009747567,31.393882989883423
ER,16,uncorr,3,transition,1.2,0.2,2,0.451949,0.4412999221526322,32.445008754730225
ER,16,uncorr,3,transition,1.2,0.2,3,0.48026309999999994,0.44474403985807703,32.926347970962524
ER,16,uncorr,3,transition,1.2,0.2,4,0.45255709999999993,0.440672980079688,32.6607301235199
ER,16,uncorr,3,transition,1.2,0.2,5,0.5622910999999999,0.44758389376221236,32.36552119255066
ER,16,uncorr,3,transition,1.2,0.2,6,0.5460286,0.4520726072751204,31.456257104873657
ER,16,uncorr,3,transition,1.2,0.2,7,0.5130609,0.45181522942190167,33.29772114753723
ER,16,uncorr,3,transition,1.2,0.2,8,0.5892178,0.44672762278908595,36.6975040435791
ER,16,uncorr,3,transition,1.2,0.2,9,0.6019093,0.450611464436185,32.23298692703247
ER,16,uncorr,4,coop,1.2,0.0,0,0.9966982,0.006256094140835093,29.709609031677246
ER,16,uncorr,4,coop,1.2,0.0,1,0.9936672999999999,0.006565469642475288,30.382755994796753
ER,16,uncorr,4,coop,1.2,0.0,2,1.0,0.0,29.719806909561157
ER,16,uncorr,4,coop,1.2,0.0,3,0.9977933,0.006822438921557733,29.280762910842896
ER,16,uncorr,4,coop,1.2,0.0,4,1.0,0.0,29.271085023880005
ER,16,uncorr,4,coop,1.2,0.0,5,0.9979714,0.004550183261932742,29.567693948745728
ER,16,uncorr,4,coop,1.2,0.0,6,0.9971796,0.008104914573419454,29.212966918945312
ER,16,uncorr,4,coop,1.2,0.0,7,0.9993116,0.0031093422994830132,29.638787031173706
ER,16,uncorr,4,coop,1.2,0.0,8,0.9983588,0.005103119323343738,29.58578085899353
ER,16,uncorr,4,coop,1.2,0.0,9,0.9995677999999999,0.0024744906954807,29.441567420959473
ER,16,uncorr,4,defect,1.4,0.1,0,0.0,0.0,28.69787287712097
ER,16,uncorr,4,defect,1.4,0.1,1,0.0,0.0,29.93957018852234
ER,16,uncorr,4,defect,1.4,0.1,2,0.0,0.0,29.006534814834595
ER,16,uncorr,4,defect,1.4,0.1,3,0.0,0.0,29.128931999206543
ER,16,uncorr,4,defect,1.4,0.1,4,0.0,0.0,28.934492826461792
ER,16,uncorr,4,defect,1.4,0.1,5,0.0,0.0,32.259833097457886
ER,16,uncorr,4,defect,1.4,0.1,6,0.01,0.09999999999999999,29.664201974868774
ER,16,uncorr,4,defect,1.4,0.1,7,0.0,0.0,28.799540996551514
ER,16,uncorr,4,defect,1.4,0.1,8,0.0,0.0,28.781921863555908
ER,16,uncorr,4,defect,1.4,0.1,9,0.0,0.0,28.743454933166504
ER,16,uncorr,4,transition,1.2,0.3,0,0.6244348,0.4396206936436882,32.458800077438354
ER,16,uncorr,4,transition,1.2,0.3,1,0.46127919999999994,0.4396586792498899,35.057440996170044
ER,16,uncorr,4,transition,1.2,0.3,2,0.4541655,0.4491016646716627,33.48876690864563
ER,16,uncorr,4,transition,1.2,0.3,3,0.5633165,0.44635109805408885,33.10631608963013
ER,16,uncorr,4,transition,1.2,0.3,4,0.44999359999999994,0.44307753522749577,33.51182007789612
ER,16,uncorr,4,transition,1.2,0.3,5,0.5430088999999999,0.44937953497948,34.08338403701782
ER,16,uncorr,4,transition,1.2,0.3,6,0.503829,0.45045701674000266,33.12614297866821
ER,16,uncorr,4,transition,1.2,0.3,7,0.5789222,0.4491677013437906,33.25770902633667
ER,16,uncorr,4,transition,1.2,0.3,8,0.6161201000000001,0.44468626250832866,32.00472283363342
ER,16,uncorr,4,transition,1.2,0.3,9,0.6579217999999999,0.4390986248719119,32.26034998893738
