topo,z,corr,L,regime,b,theta,between_network_mean,between_network_std,n_realizations,within_network_std,ratio
BA,4,corr,1,bistable,2.0,0.3,0.68358588,0.0406279506922895,10,0.1352525624295061,0.30038581127411074
BA,4,corr,1,coop,1.0,0.0,0.99621926,0.0060634786669773,10,0.0080838998608095,0.7500685029972798
BA,4,corr,1,defect,2.0,0.8,0.59539694,0.0367225510494936,10,0.039101366746631,0.9391628504304813
BA,4,corr,2,bistable,2.0,0.4,0.8105451799999999,0.0421894539411555,10,0.1885609745975335,0.22374435659979544
BA,4,corr,2,coop,1.0,0.0,0.99621926,0.0060634786669773,10,0.0080838998608095,0.7500685029972798
BA,4,corr,2,defect,2.0,0.6,0.5935519100000001,0.0361592562219305,10,0.0420772797566236,0.8593534665519458
BA,4,corr,3,bistable,2.0,0.5,0.6637807099999999,0.0353246033078442,10,0.1452944701948495,0.2431242101676104
BA,4,corr,3,coop,1.8,0.3,0.99235432,0.0161791976154429,10,0.0067805198476253,2.3861293793143665
BA,4,corr,3,defect,2.0,0.7,0.59274969,0.0374993228101359,10,0.0416985636856288,0.8992953112929367
BA,4,corr,4,bistable,2.0,0.5,0.75560326,0.0352118708767433,10,0.1888004949776029,0.18650306441686199
BA,4,corr,4,coop,1.4,0.4,0.99579555,0.0058748665799035,10,0.0073026917487854,0.804479605876918
BA,4,corr,4,defect,2.0,0.7,0.5935183700000001,0.0359367892345265,10,0.0400126220816442,0.8981363221135289
BA,4,uncorr,1,bistable,2.0,0.2,0.7593166100000001,0.0498522467315042,10,0.1884686721896487,0.2645121130865708
BA,4,uncorr,1,coop,1.0,0.0,0.99621926,0.0060634786669773,10,0.0080838998608095,0.7500685029972798
BA,4,uncorr,1,defect,2.0,0.6,0.5947503000000001,0.0378439716808371,10,0.039744845367581,0.9521730763030115
BA,4,uncorr,2,bistable,2.0,0.3,0.73867437,0.0355908105451721,10,0.1830732167067139,0.19440752276827653
BA,4,uncorr,2,coop,1.8,0.1,0.99460997,0.0061073628422403,10,0.0061415596150368,0.9944319073753232
BA,4,uncorr,2,defect,2.0,0.6,0.59526833,0.0368388360829845,10,0.0433456242317538,0.849885928185512
BA,4,uncorr,3,bistable,2.0,0.3,0.83273595,0.035506620003169,10,0.1826870885154794,0.1943575777122337
BA,4,uncorr,3,coop,1.6,0.2,0.99388705,0.0073279584842725,10,0.0068713434764766,1.066452071470314
BA,4,uncorr,3,defect,2.0,0.6,0.59706318,0.0361011021120408,10,0.0416943792447622,0.8658505718507838
BA,4,uncorr,4,bistable,2.0,0.4,0.71557472,0.0357164760862794,10,0.1718614780483386,0.20782130173600397
BA,4,uncorr,4,coop,1.4,0.0,0.99573226,0.0064528864864579,10,0.0079739082967672,0.8092501501520959
BA,4,uncorr,4,defect,2.0,0.6,0.59590091,0.0349208269215266,10,0.04190923312314,0.833249007895714
BA,16,corr,1,bistable,1.6,0.0,0.63924056,0.1406676089738043,10,0.4667893754966532,0.3013513510759262
BA,16,corr,1,coop,1.0,0.0,0.95511798,0.0679407518022349,10,0.0,
BA,16,corr,1,defect,2.0,0.1,0.0040695299999999,0.0039408398171653,10,0.009976492825182,0.39501254461067653
BA,16,corr,1,transition,1.5,0.1,0.46230887,0.0823410861821869,10,0.4291201370275995,0.1918835288237499
BA,16,corr,2,bistable,1.8,0.0,0.47548102,0.1176073151798797,10,0.4849820237232062,0.24249829772453943
BA,16,corr,2,coop,1.0,0.0,0.95511798,0.0679407518022349,10,0.0,
BA,16,corr,2,defect,2.0,0.6,0.00277007,0.0029336270834166,10,0.0085772065447388,0.34202593444786134
BA,16,corr,2,transition,1.5,0.3,0.48773337,0.0533395750197012,10,0.4523290942709632,0.11792205209720306
BA,16,corr,3,bistable,1.8,0.1,0.44919542,0.0551507279388405,10,0.4933055672599352,0.11179830838961562
BA,16,corr,3,coop,1.0,0.0,0.95511798,0.0679407518022349,10,0.0,
BA,16,corr,3,defect,2.0,0.6,0.0027687,0.0028444520487745,10,0.0099286872696741,0.28648823067098844
BA,16,corr,3,transition,1.7,0.2,0.48128559,0.052491524353333,10,0.4884983266050657,0.10745487035367188
BA,16,corr,4,bistable,1.8,0.1,0.4633851599999999,0.0440036439192432,10,0.4933856777103455,0.08918711245014421
BA,16,corr,4,coop,1.0,0.0,0.95511798,0.0679407518022349,10,0.0,
BA,16,corr,4,defect,2.0,0.6,0.0027756199999999,0.002544594000709,10,0.00917027471472,0.2774828540986294
BA,16,corr,4,transition,1.7,0.2,0.48282581,0.0514509478533022,10,0.4908212117239552,0.10482625164586191
BA,16,uncorr,1,bistable,1.6,0.0,0.6420616800000001,0.1276585318637427,10,0.4527796164244641,0.2819440788254645
BA,16,uncorr,1,coop,1.0,0.0,0.95511798,0.0679407518022349,10,0.0,
BA,16,uncorr,1,defect,2.0,0.0,0.00554898,0.0072150524962747,10,0.0098334284761704,0.7337270529560592
BA,16,uncorr,1,transition,1.4,0.4,0.52854628,0.1200095661666166,10,0.4250405194324229,0.28234853073977784
BA,16,uncorr,2,coop,1.0,0.0,0.95511798,0.0679407518022349,10,0.0,
BA,16,uncorr,2,defect,2.0,0.6,0.0025710299999999,0.0027694296043489,10,0.0075530255433558,0.36666493294003155
BA,16,uncorr,2,transition,1.8,0.0,0.44659852,0.1264621793340672,10,0.4946117392562585,0.2556796964104143
BA,16,uncorr,3,coop,1.0,0.0,0.95511798,0.0679407518022349,10,0.0,
BA,16,uncorr,3,defect,2.0,0.7,0.0026995699999999,0.0028497105389261,10,0.0091117080476414,0.31275261718506864
BA,16,uncorr,3,transition,1.7,0.1,0.48228669,0.0533446794739112,10,0.4893136407845362,0.10901939988507481
BA,16,uncorr,4,bistable,1.9,0.0,0.420612,0.1121831195433212,10,0.4974221948851839,0.22552897859576926
BA,16,uncorr,4,coop,1.0,0.0,0.95511798,0.0679407518022349,10,0.0,
BA,16,uncorr,4,defect,2.0,0.7,0.0030266999999999,0.0032000971669275,10,0.0091117080476414,0.35120716666902607
BA,16,uncorr,4,transition,1.5,0.4,0.49125856,0.0579669652725143,10,0.4457342725422261,0.13004825709699688
ER,4,corr,1,bistable,1.6,0.2,0.8751409790204592,0.0895785603326633,10,0.3527781658526109,0.2539231987789426
ER,4,corr,1,coop,1.0,0.0,1.0,0.0,10,0.0002328907048008,0.0
ER,4,corr,1,defect,1.7,0.4,0.0004303236913904,0.0007929044237077,10,0.0,
ER,4,corr,1,transition,1.3,0.4,0.4068167253745914,0.023347595285675,10,0.0266986057745259,0.8744874351435902
ER,4,corr,2,bistable,1.9,0.0,0.6822457508053705,0.1567159351628782,10,0.4966589126901138,0.3155403661519708
ER,4,corr,2,coop,1.0,0.0,1.0,0.0,10,0.0002328907048008,0.0
ER,4,corr,2,defect,1.7,0.6,0.000483394848628,0.0007664413961034,10,0.0,
ER,4,corr,2,transition,1.3,0.4,0.5159174466897559,0.0491321652383642,10,0.2314172348101112,0.21230987950694108
ER,4,corr,3,bistable,1.9,0.3,0.6522272349281046,0.134410488476772,10,0.5011956787623679,0.2681796634972587
ER,4,corr,3,coop,1.4,0.2,1.0,0.0,10,0.0,
ER,4,corr,3,defect,1.7,0.5,0.0006042783651035,0.0009774456201007,10,0.0,
ER,4,corr,3,transition,2.0,0.0,0.6333467694298804,0.1498418879518514,10,0.5007458595854316,0.29923739774085356
ER,4,corr,4,coop,1.0,0.0,1.0,0.0,10,0.0002328907048008,0.0
ER,4,corr,4,defect,1.7,0.5,0.0026140413493865,0.006243201508452,10,0.0,
ER,4,corr,4,transition,1.7,0.4,0.6187607141179192,0.0939576004837692,10,0.498314002548009,0.18855099395830655
ER,4,uncorr,1,bistable,1.3,0.2,0.7849773868361926,0.05664315207364,10,0.3142321897111504,0.18025891022083929
ER,4,uncorr,1,coop,1.0,0.0,1.0,0.0,10,0.0002328907048008,0.0
ER,4,uncorr,1,defect,1.7,0.0,0.0005253039488827,0.000759103811331,10,0.0,
ER,4,uncorr,1,transition,1.3,0.5,0.4047274643530249,0.0229563962602612,10,0.030646597703557,0.7490683462587681
ER,4,uncorr,2,bistable,1.5,0.0,0.863926386816814,0.0726437185793188,10,0.4735036842297573,0.15341743052641174
ER,4,uncorr,2,coop,1.3,0.1,0.9986086570247934,0.004399812808128,10,0.0,
ER,4,uncorr,2,defect,1.7,0.0,0.0006416459021694,0.0008024863920165,10,0.0,
ER,4,uncorr,2,transition,1.3,0.6,0.4057040760028959,0.0246489325917079,10,0.0299046939866767,0.8242496178924159
ER,4,uncorr,3,bistable,1.5,0.1,0.4616558223928768,0.0842579197652313,10,0.4458691565603656,0.18897454225188984
ER,4,uncorr,3,coop,1.2,0.1,0.9999931370558376,2.1702535007850325e-05,10,0.0,
ER,4,uncorr,3,defect,1.7,0.1,0.0004110336617587,0.0006537402173616,10,0.0,
ER,4,uncorr,3,transition,1.3,0.3,0.4439075801405583,0.0286220541662376,10,0.1626867074316163,0.17593357575491278
ER,4,uncorr,4,bistable,1.5,0.1,0.6709577498417655,0.0630958993504973,10,0.4955246143532648,0.12733151396091003
ER,4,uncorr,4,coop,1.1,0.3,0.9999191272734704,0.0001179773467519,10,0.0,
ER,4,uncorr,4,defect,1.7,0.0,0.0048568206184804,0.0071413377757071,10,0.0,
ER,4,uncorr,4,transition,1.4,0.2,0.68841354957784,0.0896882238198466,10,0.4184049224775354,0.21435747765291183
ER,16,corr,1,bistable,1.1,0.2,0.79084664,0.0489085895675959,10,0.2974270391963227,0.1644389484552304
ER,16,corr,1,coop,1.1,0.1,0.99858344,0.0013944627425803,10,0.0075415921449525,0.18490296422534566
ER,16,corr,1,defect,1.4,0.0,0.0017364799999999,0.0011818191803787,10,0.0,
ER,16,corr,1,transition,1.1,0.3,0.31418221,0.0102015119611915,10,0.026607692610608,0.3834046082268834
ER,16,corr,2,coop,1.2,0.0,0.99870491,0.0012101095849826,10,0.0054625275387051,0.2215292419870268
ER,16,corr,2,defect,1.4,0.1,0.0,0.0,10,0.0,
ER,16,corr,2,transition,1.2,0.3,0.41599248,0.0607338857185051,10,0.4260951435152397,0.14253597264089185
ER,16,corr,3,coop,1.1,0.2,0.99700775,0.0027944424338517,10,0.0079342532411659,0.3521998036756727
ER,16,corr,3,defect,1.4,0.1,6.173999999999997e-05,0.0001303722806257,10,0.0,
ER,16,corr,3,transition,1.2,0.4,0.3467094,0.0477316594834777,10,0.4120641184725572,0.11583551526012462
ER,16,corr,4,bistable,1.3,0.2,0.40393637,0.0770633691883367,10,0.486466686854238,0.15841448401466288
ER,16,corr,4,coop,1.2,0.0,0.99838147,0.0014763861163515,10,0.0076044027651186,0.19414885849072644
ER,16,corr,4,defect,1.4,0.1,0.00601523,0.0069362688234541,10,0.0,
ER,16,corr,4,transition,1.2,0.4,0.60154076,0.071374279318365,10,0.449411612717971,0.15881716737737273
ER,16,uncorr,1,coop,1.1,0.0,0.99897977,0.0009401365539702,10,0.006737360604806,0.13954078000509088
ER,16,uncorr,1,defect,1.4,0.0,0.0001056999999999,0.0002530341610665,10,0.0,
ER,16,uncorr,1,transition,1.1,0.2,0.4509408,0.0480812837535216,10,0.2678661847858126,0.17949740013644383
ER,16,uncorr,2,coop,1.1,0.1,0.997147,0.0036453400332174,10,0.0074209838841007,0.4912205834360406
ER,16,uncorr,2,defect,1.4,0.0,2.983999999999998e-05,9.436236537942436e-05,10,0.0,
ER,16,uncorr,2,transition,1.2,0.0,0.47565915,0.1533200550550836,10,0.4013654798868583,0.3819961175991101
ER,16,uncorr,3,coop,1.1,0.0,0.99835774,0.0018288174352722,10,0.0067412375119053,0.2712880879871736
ER,16,uncorr,3,defect,1.4,0.1,6.105999999999997e-05,0.0001071967992888,10,0.0,
ER,16,uncorr,3,transition,1.2,0.2,0.53550298,0.081789370275507,10,0.4472845289044578,0.18285758838079022
ER,16,uncorr,4,coop,1.2,0.0,0.9980548,0.0019281704045257,10,0.0067543919120089,0.2854691332164972
ER,16,uncorr,4,defect,1.4,0.1,0.001,0.0031622776601683,10,0.0,
ER,16,uncorr,4,transition,1.2,0.3,0.54529916,0.0757113776510534,10,0.44504702520855,0.1701199499436602
