topo,z,b,theta,L,net_realization,rho_mean,rho_std,seconds
BA,4,1.8,0.3,1,0,0.8320034,0.13070778039194872,3.8477258682250977
BA,4,1.8,0.3,2,0,0.9759891999999999,0.05337787792596095,3.7928950786590576
BA,4,1.8,0.3,3,0,0.9987955,0.012045000000000038,8.61607027053833
BA,4,1.8,0.3,4,0,0.9988141999999999,0.011858000000000002,19.409200191497803
BA,4,2.0,0.3,1,0,0.6294080999999999,0.13276722265493485,4.17532205581665
BA,4,2.0,0.3,2,0,0.9500914,0.09829453124547509,4.083256006240845
BA,4,2.0,0.3,3,0,0.9964959999999999,0.03503999999999999,8.723238945007324
BA,4,2.0,0.3,4,0,0.9988125,0.011875000000000024,19.31371283531189
BA,4,1.8,0.3,1,1,0.9030241999999998,0.07989434934292473,3.2142701148986816
BA,4,1.8,0.3,2,1,0.9984928,0.015072000000000042,3.670689105987549
BA,4,1.8,0.3,3,1,1.0,0.0,9.140875816345215
BA,4,1.8,0.3,4,1,1.0,0.0,19.690491914749146
BA,4,2.0,0.3,1,1,0.7238694,0.17602458170174054,3.859743118286133
BA,4,2.0,0.3,2,1,0.9958324999999999,0.041675,3.6281821727752686
BA,4,2.0,0.3,3,1,1.0,0.0,8.951133012771606
BA,4,2.0,0.3,4,1,1.0,0.0,19.55283808708191
BA,4,1.8,0.3,1,2,0.8614789,0.10303153474205377,3.755737781524658
BA,4,1.8,0.3,2,2,0.9336583999999998,0.16667752451129134,4.040841102600098
BA,4,1.8,0.3,3,2,0.948445,0.1504008211044371,10.514012813568115
BA,4,1.8,0.3,4,2,0.9536855,0.14727011804654888,22.31923508644104
BA,4,2.0,0.3,1,2,0.6368446999999999,0.15401472797509472,4.173641920089722
BA,4,2.0,0.3,2,2,0.9299927999999998,0.17097413393525082,4.192821025848389
BA,4,2.0,0.3,3,2,0.9529283,0.14671593493464669,10.489767074584961
BA,4,2.0,0.3,4,2,0.9560551999999999,0.1394564911729197,22.816662073135376
BA,4,1.8,0.3,1,3,0.8589603999999998,0.11750043058524154,3.305903911590576
BA,4,1.8,0.3,2,3,0.9878399999999999,0.05390087201558436,3.690131902694702
BA,4,1.8,0.3,3,3,1.0,0.0,8.475938081741333
BA,4,1.8,0.3,4,3,1.0,0.0,19.26087999343872
BA,4,2.0,0.3,1,3,0.6904604000000001,0.15061739998963047,3.920257091522217
BA,4,2.0,0.3,2,3,0.9558851999999999,0.11054642327067571,3.9845240116119385
BA,4,2.0,0.3,3,3,0.9977315,0.022684999999999976,8.495155811309814
BA,4,2.0,0.3,4,3,0.9978501,0.02149899999999999,19.082149028778076
BA,4,1.8,0.3,1,4,0.8979883,0.11757058650109778,3.115694046020508
BA,4,1.8,0.3,2,4,0.9945159,0.054841000000000015,3.5237209796905518
BA,4,1.8,0.3,3,4,1.0,0.0,8.615335941314697
BA,4,1.8,0.3,4,4,1.0,0.0,19.122618198394775
BA,4,2.0,0.3,1,4,0.6980578,0.1813548415529816,3.4158637523651123
BA,4,2.0,0.3,2,4,1.0,0.0,3.5593841075897217
BA,4,2.0,0.3,3,4,1.0,0.0,8.62716817855835
BA,4,2.0,0.3,4,4,1.0,0.0,19.064889907836914
BA,4,1.8,0.3,1,5,0.7415796,0.2262351461095113,3.5497090816497803
BA,4,1.8,0.3,2,5,0.9262106,0.10618628330086954,4.220448970794678
BA,4,1.8,0.3,3,5,0.9877562000000001,0.0489027893852341,9.183313846588135
BA,4,1.8,0.3,4,5,0.9884869999999999,0.04600378134436126,21.30816912651062
BA,4,2.0,0.3,1,5,0.6251296000000001,0.2062231923976221,3.9665720462799072
BA,4,2.0,0.3,2,5,0.9024983,0.12537003444796868,4.272084951400757
BA,4,2.0,0.3,3,5,0.9921442,0.03900280161343499,9.308569192886353
BA,4,2.0,0.3,4,5,0.9904361,0.042029193555182476,20.692928075790405
BA,4,1.8,0.3,1,6,0.8611401999999999,0.10399221579240499,3.080465078353882
BA,4,1.8,0.3,2,6,0.9997111000000001,0.0013249981093945414,3.5703041553497314
BA,4,1.8,0.3,3,6,1.0,0.0,8.840978860855103
BA,4,1.8,0.3,4,6,1.0,0.0,19.496463298797607
BA,4,2.0,0.3,1,6,0.6731324999999999,0.1658463568839142,3.4405629634857178
BA,4,2.0,0.3,2,6,0.9951511,0.04488078020835991,3.5822970867156982
BA,4,2.0,0.3,3,6,1.0,0.0,8.822263717651367
BA,4,2.0,0.3,4,6,1.0,0.0,19.587687969207764
BA,4,1.8,0.3,1,7,0.8982860000000001,0.08568997775042711,2.732250928878784
BA,4,1.8,0.3,2,7,1.0,0.0,3.473987102508545
BA,4,1.8,0.3,3,7,1.0,0.0,8.441179990768433
BA,4,1.8,0.3,4,7,1.0,0.0,19.00568914413452
BA,4,2.0,0.3,1,7,0.735207,0.14000269296472026,3.4505181312561035
BA,4,2.0,0.3,2,7,1.0,0.0,3.4656951427459717
BA,4,2.0,0.3,3,7,1.0,0.0,8.418642044067383
BA,4,2.0,0.3,4,7,1.0,0.0,19.058153867721558
BA,4,1.8,0.3,1,8,0.8963247000000001,0.09907630234202155,2.7959580421447754
BA,4,1.8,0.3,2,8,1.0,0.0,3.409749984741211
BA,4,1.8,0.3,3,8,1.0,0.0,7.966546058654785
BA,4,1.8,0.3,4,8,1.0,0.0,18.217885971069336
BA,4,2.0,0.3,1,8,0.7175573999999999,0.18637164269070636,3.225682020187378
BA,4,2.0,0.3,2,8,1.0,0.0,3.37772798538208
BA,4,2.0,0.3,3,8,1.0,0.0,7.94151496887207
BA,4,2.0,0.3,4,8,1.0,0.0,18.3345890045166
BA,4,1.8,0.3,1,9,0.8441712000000001,0.10719627591601595,2.831047773361206
BA,4,1.8,0.3,2,9,0.9615742999999998,0.03692076312876121,3.6499650478363037
BA,4,1.8,0.3,3,9,0.9885464999999999,0.019572021329934124,8.525294065475464
BA,4,1.8,0.3,4,9,0.9868880999999999,0.023816231528777255,19.52990698814392
BA,4,2.0,0.3,1,9,0.7061918999999997,0.138061604626743,3.1759259700775146
BA,4,2.0,0.3,2,9,0.9527839999999999,0.06031837234561488,3.655569076538086
BA,4,2.0,0.3,3,9,0.9863170999999998,0.022536376578386075,8.707973003387451
BA,4,2.0,0.3,4,9,0.9868837,0.022758638659780756,19.62060284614563
BA,4,1.8,0.3,1,10,0.8870547000000001,0.2221436339350936,3.326507091522217
BA,4,1.8,0.3,2,10,0.9314921000000002,0.14781129617645478,4.558234214782715
BA,4,1.8,0.3,3,10,0.9904900000000001,0.0545714671996569,8.848313093185425
BA,4,1.8,0.3,4,10,0.9920082000000001,0.046580554779821544,19.787405014038086
BA,4,2.0,0.3,1,10,0.7110711999999999,0.20464986944337862,3.7378318309783936
BA,4,2.0,0.3,2,10,0.9035291000000001,0.1790428881022363,4.362813949584961
BA,4,2.0,0.3,3,10,0.9867097,0.06585603000324178,9.182552814483643
BA,4,2.0,0.3,4,10,0.9936201,0.04572089875339482,19.726290941238403
BA,4,1.8,0.3,1,11,0.9050358999999998,0.07151127480638525,2.905761957168579
BA,4,1.8,0.3,2,11,1.0,0.0,3.4945478439331055
BA,4,1.8,0.3,3,11,1.0,0.0,8.416706800460815
BA,4,1.8,0.3,4,11,1.0,0.0,18.8605797290802
BA,4,2.0,0.3,1,11,0.7451410999999999,0.14350331167047659,3.6024820804595947
BA,4,2.0,0.3,2,11,1.0,0.0,3.5067148208618164
BA,4,2.0,0.3,3,11,1.0,0.0,8.428259134292603
BA,4,2.0,0.3,4,11,1.0,0.0,18.824896812438965
BA,4,1.8,0.3,1,12,0.9245315,0.06863797112055002,2.9275529384613037
BA,4,1.8,0.3,2,12,1.0,0.0,3.5467801094055176
BA,4,1.8,0.3,3,12,1.0,0.0,8.955554008483887
BA,4,1.8,0.3,4,12,1.0,0.0,19.931198120117188
BA,4,2.0,0.3,1,12,0.7703962000000001,0.14904274679867158,3.054086923599243
BA,4,2.0,0.3,2,12,1.0,0.0,3.542907953262329
BA,4,2.0,0.3,3,12,1.0,0.0,8.964938163757324
BA,4,2.0,0.3,4,12,1.0,0.0,19.954917907714844
BA,4,1.8,0.3,1,13,0.7990855,0.21462045717764516,3.704572916030884
BA,4,1.8,0.3,2,13,0.8536823999999998,0.16090694687855395,5.154676914215088
BA,4,1.8,0.3,3,13,0.87762,0.14021336314360486,12.616986751556396
BA,4,1.8,0.3,4,13,0.8980267,0.1321905211386164,27.33798909187317
BA,4,2.0,0.3,1,13,0.6531499,0.18234105449551222,3.9479331970214844
BA,4,2.0,0.3,2,13,0.8476872999999999,0.17028276785391377,5.9130027294158936
BA,4,2.0,0.3,3,13,0.8775034,0.14590521516575633,13.14695405960083
BA,4,2.0,0.3,4,13,0.9064352,0.12649258281828385,28.139231204986572
BA,4,1.8,0.3,1,14,0.8794768000000001,0.09875163324444028,3.346658229827881
BA,4,1.8,0.3,2,14,1.0,0.0,3.463282346725464
BA,4,1.8,0.3,3,14,1.0,0.0,8.432696104049683
BA,4,1.8,0.3,4,14,1.0,0.0,18.89794921875
BA,4,2.0,0.3,1,14,0.6936824,0.18218966196663064,3.518052101135254
BA,4,2.0,0.3,2,14,0.9714539999999999,0.10491463980038462,3.6064541339874268
BA,4,2.0,0.3,3,14,1.0,0.0,8.442875862121582
BA,4,2.0,0.3,4,14,1.0,0.0,18.899847745895386
BA,4,1.8,0.3,1,15,0.8490477,0.1077229383566561,2.9963059425354004
BA,4,1.8,0.3,2,15,0.9740766999999999,0.03136916049903377,3.584057092666626
BA,4,1.8,0.3,3,15,0.9775918,0.02886688257949911,8.8853440284729
BA,4,1.8,0.3,4,15,0.978186,0.028093631040691586,19.855320930480957
BA,4,2.0,0.3,1,15,0.6988540000000001,0.1534379674939905,3.2319788932800293
BA,4,2.0,0.3,2,15,0.9730725,0.031916697836047746,3.5763957500457764
BA,4,2.0,0.3,3,15,0.9764684,0.029058398557165445,8.915307998657227
BA,4,2.0,0.3,4,15,0.9775974999999998,0.028247493975733423,19.872700214385986
BA,4,1.8,0.3,1,16,0.9578388000000001,0.051408247565321315,2.5822551250457764
BA,4,1.8,0.3,2,16,1.0,0.0,3.4985592365264893
BA,4,1.8,0.3,3,16,1.0,0.0,8.521374225616455
BA,4,1.8,0.3,4,16,1.0,0.0,19.297171115875244
BA,4,2.0,0.3,1,16,0.7921216999999998,0.1598204815072274,3.601138114929199
BA,4,2.0,0.3,2,16,1.0,0.0,3.4786949157714844
BA,4,2.0,0.3,3,16,1.0,0.0,8.52017593383789
BA,4,2.0,0.3,4,16,1.0,0.0,19.369720697402954
BA,4,1.8,0.3,1,17,0.8535569999999999,0.09928324990712778,3.5681731700897217
BA,4,1.8,0.3,2,17,0.9987365,0.003473822851272249,3.470855951309204
BA,4,1.8,0.3,3,17,0.9997226,0.0016537484938189387,8.089356184005737
BA,4,1.8,0.3,4,17,0.999825,0.0012675088906508448,18.31432294845581
BA,4,2.0,0.3,1,17,0.6258259999999999,0.17173628110706488,3.8326098918914795
BA,4,2.0,0.3,2,17,0.9976819,0.004921118517638878,3.53829288482666
BA,4,2.0,0.3,3,17,0.9993886000000001,0.0024887764305402548,8.109086036682129
BA,4,2.0,0.3,4,17,1.0,0.0,18.3524329662323
BA,4,1.8,0.3,1,18,0.9161248000000001,0.070996336332848,2.826087236404419
BA,4,1.8,0.3,2,18,0.9906985,0.03816067483402096,3.973041296005249
BA,4,1.8,0.3,3,18,0.9960840000000001,0.022544259991977057,10.315406799316406
BA,4,1.8,0.3,4,18,0.9881087,0.10158490777764145,21.246042728424072
BA,4,2.0,0.3,1,18,0.7684966999999997,0.1772264541899927,3.7487270832061768
BA,4,2.0,0.3,2,18,0.9611758,0.1563843070427865,4.115957021713257
BA,4,2.0,0.3,3,18,0.9737232,0.09032516942735734,10.556348085403442
BA,4,2.0,0.3,4,18,0.988466,0.0569527631135016,21.38791823387146
BA,4,1.8,0.3,1,19,0.7890472,0.19700065977985196,3.3578388690948486
BA,4,1.8,0.3,2,19,0.9108012999999999,0.09455835862133827,4.051687002182007
BA,4,1.8,0.3,3,19,0.9324347999999999,0.08217205980800846,9.278486013412476
BA,4,1.8,0.3,4,19,0.9346783,0.07805783315774811,21.060633182525635
BA,4,2.0,0.3,1,19,0.6439556999999999,0.2201200064393479,4.342810869216919
BA,4,2.0,0.3,2,19,0.8892609999999997,0.13831174900246615,4.1265058517456055
BA,4,2.0,0.3,3,19,0.9266349999999999,0.09993601806186105,9.55012583732605
BA,4,2.0,0.3,4,19,0.9401130999999999,0.07639552214249373,20.961232900619507
BA,4,1.8,0.3,1,20,0.9174235000000001,0.0809904831592807,3.0853230953216553
BA,4,1.8,0.3,2,20,0.9973875999999998,0.0035256884477083256,3.413971185684204
BA,4,1.8,0.3,3,20,0.9989087999999999,0.0025944265359623326,7.887260913848877
BA,4,1.8,0.3,4,20,0.9991308999999999,0.0023468121920270455,18.275241136550903
BA,4,2.0,0.3,1,20,0.6767405,0.19454048774086719,3.8224902153015137
BA,4,2.0,0.3,2,20,0.9965602,0.004881467112633107,3.391880989074707
BA,4,2.0,0.3,3,20,0.9988376999999999,0.0026608101807874783,7.863749742507935
BA,4,2.0,0.3,4,20,0.9991314,0.0023454805111710374,18.22412109375
BA,4,1.8,0.3,1,21,0.7906093000000002,0.22537474813626496,3.813347816467285
BA,4,1.8,0.3,2,21,0.7431723000000001,0.34845324417411394,6.005552053451538
BA,4,1.8,0.3,3,21,0.7509229,0.31407107325113726,19.91862416267395
BA,4,1.8,0.3,4,21,0.7295229000000001,0.3058134398559938,48.65979599952698
BA,4,2.0,0.3,1,21,0.6261530999999999,0.24020769651709853,3.708266019821167
BA,4,2.0,0.3,2,21,0.7634565000000001,0.30766880952789666,5.475537061691284
BA,4,2.0,0.3,3,21,0.7530988000000001,0.33631848137097187,14.904452085494995
BA,4,2.0,0.3,4,21,0.7414981,0.3462601693556626,38.75125813484192
BA,4,1.8,0.3,1,22,0.8927243999999999,0.10184460850459655,2.9103519916534424
BA,4,1.8,0.3,2,22,0.9933799999999999,0.015873641324185592,3.6808879375457764
BA,4,1.8,0.3,3,22,0.9987778,0.007020224115102266,9.330184936523438
BA,4,1.8,0.3,4,22,0.9995452,0.0045480000000000164,20.45049023628235
BA,4,2.0,0.3,1,22,0.7628758999999999,0.1625047690184115,3.0329110622406006
BA,4,2.0,0.3,2,22,0.9885044,0.01954672218355848,3.662277936935425
BA,4,2.0,0.3,3,22,0.9983303000000001,0.008257901934119585,9.324980020523071
BA,4,2.0,0.3,4,22,0.9991379,0.006074887585940896,20.633162021636963
BA,4,1.8,0.3,1,23,0.9013353,0.13289269128465564,3.205179214477539
BA,4,1.8,0.3,2,23,0.9787720999999999,0.07267024915126595,3.8536620140075684
BA,4,1.8,0.3,3,23,1.0,0.0,8.590649843215942
BA,4,1.8,0.3,4,23,0.9958735,0.02908179087252942,19.093208074569702
BA,4,2.0,0.3,1,23,0.7055677,0.2129094521762002,3.8379440307617188
BA,4,2.0,0.3,2,23,0.9397265999999999,0.1207092694859777,4.375360012054443
BA,4,2.0,0.3,3,23,0.9979608999999999,0.02039099999999999,8.67229700088501
BA,4,2.0,0.3,4,23,0.9958162999999999,0.02952598792486706,19.099059104919434
BA,4,1.8,0.3,1,24,0.8391139000000001,0.09032733482146744,3.341265916824341
BA,4,1.8,0.3,2,24,0.9990013999999999,0.004615868111660419,3.6040549278259277
BA,4,1.8,0.3,3,24,1.0,0.0,8.671592235565186
BA,4,1.8,0.3,4,24,1.0,0.0,19.240137815475464
BA,4,2.0,0.3,1,24,0.6580725999999999,0.15133368391108765,3.296347141265869
BA,4,2.0,0.3,2,24,0.9972886,0.007560088987237656,3.6217880249023438
BA,4,2.0,0.3,3,24,1.0,0.0,8.63982629776001
BA,4,2.0,0.3,4,24,1.0,0.0,19.199308156967163
BA,4,1.8,0.3,1,25,0.924909,0.07282145741191923,2.634097099304199
BA,4,1.8,0.3,2,25,0.9997121999999998,0.0011189213601058544,3.3976590633392334
BA,4,1.8,0.3,3,25,0.9988274,0.011725999999999983,8.089755773544312
BA,4,1.8,0.3,4,25,1.0,0.0,18.62640905380249
BA,4,2.0,0.3,1,25,0.7657256,0.14534832865592467,3.304866075515747
BA,4,2.0,0.3,2,25,0.9856049,0.07058291333988315,3.453139066696167
BA,4,2.0,0.3,3,25,0.9966021,0.03397899999999999,8.129276037216187
BA,4,2.0,0.3,4,25,1.0,0.0,18.590115070343018
BA,4,1.8,0.3,1,26,0.8673098,0.10460721182411929,3.0717320442199707
BA,4,1.8,0.3,2,26,0.9977966,0.022034000000000015,3.608515977859497
BA,4,1.8,0.3,3,26,1.0,0.0,8.817853927612305
BA,4,1.8,0.3,4,26,1.0,0.0,19.311083793640137
BA,4,2.0,0.3,1,26,0.6661604999999997,0.16377024158570566,3.296308994293213
BA,4,2.0,0.3,2,26,0.9957808,0.04219199999999996,3.55061411857605
BA,4,2.0,0.3,3,26,1.0,0.0,8.744569063186646
BA,4,2.0,0.3,4,26,1.0,0.0,19.365870237350464
BA,4,1.8,0.3,1,27,0.8945464999999996,0.07308847370575185,2.8696298599243164
BA,4,1.8,0.3,2,27,0.9978714000000001,0.012225002532068891,3.6214702129364014
BA,4,1.8,0.3,3,27,0.9998935,0.0006127902322058134,9.083618879318237
BA,4,1.8,0.3,4,27,0.9999402000000001,0.00040381258779365303,20.3328800201416
BA,4,2.0,0.3,1,27,0.7715954999999998,0.12690595219203737,3.1343910694122314
BA,4,2.0,0.3,2,27,0.9988801,0.0019739380190447737,3.581484079360962
BA,4,2.0,0.3,3,27,0.9966703,0.03174776214033348,9.11684775352478
BA,4,2.0,0.3,4,27,0.9999402000000001,0.00040381258779365303,20.33874797821045
BA,4,1.8,0.3,1,28,0.8762314999999998,0.09495437401295381,3.055950164794922
BA,4,1.8,0.3,2,28,1.0,0.0,3.558304786682129
BA,4,1.8,0.3,3,28,1.0,0.0,8.6993248462677
BA,4,1.8,0.3,4,28,1.0,0.0,19.250037670135498
BA,4,2.0,0.3,1,28,0.7009376,0.1710340389425745,3.714345932006836
BA,4,2.0,0.3,2,28,0.9919892,0.056493674655851624,3.560739755630493
BA,4,2.0,0.3,3,28,1.0,0.0,8.713580131530762
BA,4,2.0,0.3,4,28,1.0,0.0,19.39535093307495
BA,4,1.8,0.3,1,29,0.9488120000000002,0.05136542192659343,2.8952150344848633
BA,4,1.8,0.3,2,29,1.0,0.0,3.75559401512146
BA,4,1.8,0.3,3,29,1.0,0.0,9.430755138397217
BA,4,1.8,0.3,4,29,1.0,0.0,20.392476081848145
BA,4,2.0,0.3,1,29,0.7545169000000002,0.15876842294561083,3.5202701091766357
BA,4,2.0,0.3,2,29,0.9825963999999999,0.11208987805625745,3.766300916671753
BA,4,2.0,0.3,3,29,1.0,0.0,9.487787961959839
BA,4,2.0,0.3,4,29,1.0,0.0,20.3709819316864
BA,16,1.5,0.3,1,0,0.1583728,0.13164548659014313,5.718366861343384
BA,16,1.5,0.3,2,0,0.561745,0.4417411572734568,15.822702884674072
BA,16,1.5,0.3,3,0,0.6214493999999999,0.4432987088571134,39.49138927459717
BA,16,1.5,0.3,4,0,0.6224465,0.428854701683814,38.261985063552856
BA,16,1.7,0.3,1,0,0.037936500000000005,0.04491996020701711,3.795297145843506
BA,16,1.7,0.3,2,0,0.2781201,0.43156315382851457,13.330845832824707
BA,16,1.7,0.3,3,0,0.4776353,0.485844654973764,30.510576009750366
BA,16,1.7,0.3,4,0,0.48025480000000004,0.48826356436025187,30.53397798538208
BA,16,1.5,0.3,1,1,0.128344,0.07002548632714761,5.395115852355957
BA,16,1.5,0.3,2,1,0.47021609999999997,0.43678471132846775,16.54312491416931
BA,16,1.5,0.3,3,1,0.5272157,0.4513068120341127,38.80500102043152
BA,16,1.5,0.3,4,1,0.5128458,0.44248437151007564,43.43282222747803
BA,16,1.7,0.3,1,1,0.035114400000000004,0.04277296888588787,3.8192360401153564
BA,16,1.7,0.3,2,1,0.2660501,0.416085959928336,12.968408107757568
BA,16,1.7,0.3,3,1,0.4202297,0.48238393077674785,31.49099373817444
BA,16,1.7,0.3,4,1,0.434709,0.4806444797773132,31.43632674217224
BA,16,1.5,0.3,1,2,0.16938080000000003,0.1860019956756194,5.512032747268677
BA,16,1.5,0.3,2,2,0.48791689999999993,0.4333728497685977,16.77854633331299
BA,16,1.5,0.3,3,2,0.6737565,0.4252012600857802,35.63139724731445
BA,16,1.5,0.3,4,2,0.6735591000000001,0.420205966214922,39.13995099067688
BA,16,1.7,0.3,1,2,0.0430771,0.04552332667219116,4.014110803604126
BA,16,1.7,0.3,2,2,0.2958849,0.43208579608776543,14.009303092956543
BA,16,1.7,0.3,3,2,0.4445297,0.4763371844309724,33.776936769485474
BA,16,1.7,0.3,4,2,0.4460524,0.4747615404486038,34.07576298713684
BA,16,1.5,0.3,1,3,0.1281881,0.06579998621004735,5.257656097412109
BA,16,1.5,0.3,2,3,0.45862899999999995,0.42871589234184526,16.77784013748169
BA,16,1.5,0.3,3,3,0.5766097,0.4431846056962851,40.63073682785034
BA,16,1.5,0.3,4,3,0.6206473,0.43042664997393904,36.5460889339447
BA,16,1.7,0.3,1,3,0.03637730000000001,0.03930050648284423,3.8290629386901855
BA,16,1.7,0.3,2,3,0.18923790000000001,0.3578578016991659,14.19457721710205
BA,16,1.7,0.3,3,3,0.3565584,0.4524967279143261,32.78727698326111
BA,16,1.7,0.3,4,3,0.3732766,0.4606584158806355,32.72627592086792
BA,16,1.5,0.3,1,4,0.17031910000000003,0.1132041551160798,5.797739028930664
BA,16,1.5,0.3,2,4,0.46773000000000003,0.42824266902273667,17.239198923110962
BA,16,1.5,0.3,3,4,0.5893876,0.4445694193014407,35.72608804702759
BA,16,1.5,0.3,4,4,0.6406706,0.42463710261684423,38.825275182724
BA,16,1.7,0.3,1,4,0.0620787,0.060123520593823844,3.9097447395324707
BA,16,1.7,0.3,2,4,0.275862,0.41166057351643326,13.49341607093811
BA,16,1.7,0.3,3,4,0.3847251,0.4562159247892417,33.16265892982483
BA,16,1.7,0.3,4,4,0.4023854,0.4627361825437815,31.10416603088379
BA,16,1.5,0.3,1,5,0.1122749,0.12128966402369083,5.128612041473389
BA,16,1.5,0.3,2,5,0.5058157999999999,0.4474945272667555,15.460989236831665
BA,16,1.5,0.3,3,5,0.6541864,0.44539798752571796,37.02681493759155
BA,16,1.5,0.3,4,5,0.668373,0.43715506856575204,34.22985219955444
BA,16,1.7,0.3,1,5,0.0264163,0.03784455296607453,3.7592577934265137
BA,16,1.7,0.3,2,5,0.2286127,0.40102781320420083,13.007224082946777
BA,16,1.7,0.3,3,5,0.45084530000000006,0.480648703971208,30.97261905670166
BA,16,1.7,0.3,4,5,0.4759881,0.4872193779872189,30.212355136871338
BA,16,1.5,0.3,1,6,0.10733390000000002,0.06846145998164355,4.817863941192627
BA,16,1.5,0.3,2,6,0.47993660000000005,0.45629643172225726,14.935228824615479
BA,16,1.5,0.3,3,6,0.6322596,0.4450909131123571,35.887024879455566
BA,16,1.5,0.3,4,6,0.6447677,0.4484073883951778,35.84497404098511
BA,16,1.7,0.3,1,6,0.0233685,0.03715474273667203,3.5668792724609375
BA,16,1.7,0.3,2,6,0.2712459,0.43473797650114837,12.69889521598816
BA,16,1.7,0.3,3,6,0.41739590000000004,0.4886425317784138,29.891475915908813
BA,16,1.7,0.3,4,6,0.4520035,0.48905663678203526,31.559057235717773
BA,16,1.5,0.3,1,7,0.1434602,0.110040590508937,5.225175857543945
BA,16,1.5,0.3,2,7,0.4094352,0.42129595222188576,15.948382377624512
BA,16,1.5,0.3,3,7,0.5164979000000001,0.4422509561832969,38.17502212524414
BA,16,1.5,0.3,4,7,0.5247933,0.446509503732388,39.17985987663269
BA,16,1.7,0.3,1,7,0.043783,0.045823052852546536,3.8138670921325684
BA,16,1.7,0.3,2,7,0.21479990000000002,0.38400052662920275,13.156599998474121
BA,16,1.7,0.3,3,7,0.3538151,0.4571909213055661,31.514800786972046
BA,16,1.7,0.3,4,7,0.3269043,0.44439797168857464,31.340310096740723
BA,16,1.5,0.3,1,8,0.16453669999999998,0.18502776278745664,5.0651140213012695
BA,16,1.5,0.3,2,8,0.5894709,0.4345683476903643,15.160276174545288
BA,16,1.5,0.3,3,8,0.7232225,0.4171017505088239,33.13314890861511
BA,16,1.5,0.3,4,8,0.7306104999999999,0.40565592315241306,34.792564868927
BA,16,1.7,0.3,1,8,0.0344497,0.04229974130004231,3.59981369972229
BA,16,1.7,0.3,2,8,0.27522749999999996,0.4219158522005677,13.484026908874512
BA,16,1.7,0.3,3,8,0.4779033,0.4852864206161703,30.158380031585693
BA,16,1.7,0.3,4,8,0.5163582,0.4869639087125928,31.81432294845581
BA,16,1.5,0.3,1,9,0.0910097,0.05796623270709013,4.6948699951171875
BA,16,1.5,0.3,2,9,0.4464382,0.44722197947779846,15.243086099624634
BA,16,1.5,0.3,3,9,0.7026619,0.4267688382111219,33.572656869888306
BA,16,1.5,0.3,4,9,0.7126421,0.42170596242888336,31.315836906433105
BA,16,1.7,0.3,1,9,0.020023999999999997,0.03216684719685563,3.573983907699585
BA,16,1.7,0.3,2,9,0.14478990000000003,0.3334180888292892,12.927153825759888
BA,16,1.7,0.3,3,9,0.4062246,0.47796746308775606,30.592247009277344
BA,16,1.7,0.3,4,9,0.4140084,0.48158549723691774,30.287206888198853
BA,16,1.5,0.3,1,10,0.10184219999999998,0.0724295632841684,4.954429864883423
BA,16,1.5,0.3,2,10,0.5057221999999999,0.4431172051388443,15.121338129043579
BA,16,1.5,0.3,3,10,0.5569724,0.45725896634099183,37.3163948059082
BA,16,1.5,0.3,4,10,0.6137707,0.44893359241034136,38.99151086807251
BA,16,1.7,0.3,1,10,0.025135900000000003,0.03679927832227698,3.6529929637908936
BA,16,1.7,0.3,2,10,0.24541069999999998,0.4043243197857533,12.474831104278564
BA,16,1.7,0.3,3,10,0.4218381,0.48509356102391066,30.23853087425232
BA,16,1.7,0.3,4,10,0.47687650000000004,0.4861463155137826,30.54098391532898
BA,16,1.5,0.3,1,11,0.11721379999999999,0.06423657721330431,4.727077960968018
BA,16,1.5,0.3,2,11,0.4678749999999999,0.4202272949646814,18.09635090827942
BA,16,1.5,0.3,3,11,0.5949314,0.4527515740871855,38.34007978439331
BA,16,1.5,0.3,4,11,0.5955545999999999,0.4395595946712062,37.18489909172058
BA,16,1.7,0.3,1,11,0.046059600000000006,0.03993318500301283,4.087605953216553
BA,16,1.7,0.3,2,11,0.23587259999999996,0.38587247654214424,13.960500240325928
BA,16,1.7,0.3,3,11,0.4255787000000001,0.4725656242358346,33.067574977874756
BA,16,1.7,0.3,4,11,0.40424279999999996,0.46980317806003946,34.10682916641235
BA,16,1.5,0.3,1,12,0.1350868,0.11824881462134637,5.167593002319336
BA,16,1.5,0.3,2,12,0.4199166000000001,0.42202376966476735,17.89199423789978
BA,16,1.5,0.3,3,12,0.44788759999999994,0.4370648172029019,42.104187965393066
BA,16,1.5,0.3,4,12,0.4746127,0.4338701490632789,38.22708296775818
BA,16,1.7,0.3,1,12,0.035365,0.04655931797072408,3.9267711639404297
BA,16,1.7,0.3,2,12,0.19917020000000002,0.36622292630510556,13.93226170539856
BA,16,1.7,0.3,3,12,0.3358788,0.44891594338451396,33.47651481628418
BA,16,1.7,0.3,4,12,0.33918129999999996,0.4567409991630649,33.20064425468445
BA,16,1.5,0.3,1,13,0.14738250000000003,0.12074364889397836,5.486577033996582
BA,16,1.5,0.3,2,13,0.40652849999999996,0.4124575140247842,17.70510482788086
BA,16,1.5,0.3,3,13,0.5300541000000001,0.4413911334371813,40.03556180000305
BA,16,1.5,0.3,4,13,0.5397154,0.44703796742111296,40.60314989089966
BA,16,1.7,0.3,1,13,0.0365588,0.0459834135727001,3.835829973220825
BA,16,1.7,0.3,2,13,0.20309829999999998,0.3648508125332486,14.21241021156311
BA,16,1.7,0.3,3,13,0.3505826,0.4591113349461109,32.45806908607483
BA,16,1.7,0.3,4,13,0.3434264,0.45373704585458796,30.802284002304077
BA,16,1.5,0.3,1,14,0.15810300000000002,0.11538169368393643,5.845374822616577
BA,16,1.5,0.3,2,14,0.5076072,0.4369804803468939,15.041969060897827
BA,16,1.5,0.3,3,14,0.6037674,0.4362329068808278,37.18293309211731
BA,16,1.5,0.3,4,14,0.6430017000000001,0.43073721119868696,36.435893058776855
BA,16,1.7,0.3,1,14,0.038415200000000004,0.046161984566865356,3.9081549644470215
BA,16,1.7,0.3,2,14,0.2816402,0.41910848543015156,13.519589185714722
BA,16,1.7,0.3,3,14,0.43451090000000003,0.4753757906834011,30.710090160369873
BA,16,1.7,0.3,4,14,0.45036940000000003,0.4811220760915744,32.11223793029785
BA,16,1.5,0.3,1,15,0.1280792,0.07898183734034403,5.139294147491455
BA,16,1.5,0.3,2,15,0.5256828,0.43879820805707603,16.262396812438965
BA,16,1.5,0.3,3,15,0.7570581,0.40338086585605143,32.08185124397278
BA,16,1.5,0.3,4,15,0.7635183999999999,0.3886090709435851,36.271095752716064
BA,16,1.7,0.3,1,15,0.0309266,0.03763237675516156,3.7548818588256836
BA,16,1.7,0.3,2,15,0.2609173,0.4187049408408689,12.544700145721436
BA,16,1.7,0.3,3,15,0.4598272,0.48232370377621303,30.79616689682007
BA,16,1.7,0.3,4,15,0.5086343999999999,0.48532364424086355,30.825773000717163
BA,16,1.5,0.3,1,16,0.1620074,0.09814504515318749,5.280717134475708
BA,16,1.5,0.3,2,16,0.4429674,0.4173808392184613,16.533892154693604
BA,16,1.5,0.3,3,16,0.5201703000000001,0.4319633562799001,44.49131798744202
BA,16,1.5,0.3,4,16,0.5528654000000001,0.44533030903849696,40.0412700176239
BA,16,1.7,0.3,1,16,0.0370953,0.04544140225942671,3.8661937713623047
BA,16,1.7,0.3,2,16,0.2726585,0.41318889913993906,13.187633991241455
BA,16,1.7,0.3,3,16,0.39739470000000005,0.46559140537655463,31.230759859085083
BA,16,1.7,0.3,4,16,0.3674549,0.45838277056241405,30.943646907806396
BA,16,1.5,0.3,1,17,0.10130320000000001,0.06768529628428104,4.520179986953735
BA,16,1.5,0.3,2,17,0.4271455,0.42720090174207553,15.701029062271118
BA,16,1.5,0.3,3,17,0.6205390999999999,0.4502410003028681,34.35418701171875
BA,16,1.5,0.3,4,17,0.622715,0.4476706991458535,36.100220918655396
BA,16,1.7,0.3,1,17,0.0247787,0.034597444194009126,3.6617119312286377
BA,16,1.7,0.3,2,17,0.17863519999999997,0.36161764743765407,12.50137710571289
BA,16,1.7,0.3,3,17,0.35857710000000004,0.4636962063032109,29.326013803482056
BA,16,1.7,0.3,4,17,0.3544272,0.4665031215807737,31.52876305580139
BA,16,1.5,0.3,1,18,0.10944100000000001,0.05859136416354765,4.972110748291016
BA,16,1.5,0.3,2,18,0.5104616,0.4475055394244813,15.980931997299194
BA,16,1.5,0.3,3,18,0.6793776,0.4307728222369886,38.16068887710571
BA,16,1.5,0.3,4,18,0.6646312999999999,0.4411097455091435,33.99317789077759
BA,16,1.7,0.3,1,18,0.026544099999999994,0.03597912680775459,3.6425092220306396
BA,16,1.7,0.3,2,18,0.29093539999999996,0.4344449135877443,12.119842052459717
BA,16,1.7,0.3,3,18,0.4556075,0.48579402761813006,29.224730014801025
BA,16,1.7,0.3,4,18,0.4962191,0.4873180570463444,31.13284397125244
BA,16,1.5,0.3,1,19,0.16801660000000002,0.215124790217448,5.803372859954834
BA,16,1.5,0.3,2,19,0.4503973,0.4381440972595015,17.918837547302246
BA,16,1.5,0.3,3,19,0.5993504000000001,0.4450176488973683,39.67004084587097
BA,16,1.5,0.3,4,19,0.5667295,0.4455559738609525,41.597261905670166
BA,16,1.7,0.3,1,19,0.022335700000000003,0.039199623561761904,3.799636125564575
BA,16,1.7,0.3,2,19,0.1920641,0.3692909874424944,13.774742841720581
BA,16,1.7,0.3,3,19,0.315729,0.4512890740048574,31.00956106185913
BA,16,1.7,0.3,4,19,0.34738709999999995,0.4614390144090309,30.77295184135437
BA,16,1.5,0.3,1,20,0.10112210000000003,0.06510108789444614,5.2942421436309814
BA,16,1.5,0.3,2,20,0.4692233,0.437656018880967,15.504334688186646
BA,16,1.5,0.3,3,20,0.6515493000000001,0.44879511616937734,33.32718896865845
BA,16,1.5,0.3,4,20,0.6863271000000001,0.4278454633340705,33.31296396255493
BA,16,1.7,0.3,1,20,0.017900899999999997,0.030393797616047467,3.8258349895477295
BA,16,1.7,0.3,2,20,0.18815870000000004,0.37059459640714093,12.258756160736084
BA,16,1.7,0.3,3,20,0.3865254,0.4733458755176128,30.87142825126648
BA,16,1.7,0.3,4,20,0.4041901,0.4795530828676515,31.675836086273193
BA,16,1.5,0.3,1,21,0.1512493,0.16091020333051814,5.874125003814697
BA,16,1.5,0.3,2,21,0.47436300000000003,0.43747377811288707,18.85795521736145
BA,16,1.5,0.3,3,21,0.6667774999999999,0.42906156547096347,38.28434896469116
BA,16,1.5,0.3,4,21,0.657526,0.43767295924761634,37.89092707633972
BA,16,1.7,0.3,1,21,0.0232276,0.03880373368269053,4.013581037521362
BA,16,1.7,0.3,2,21,0.18255720000000003,0.3603291848080087,13.605193853378296
BA,16,1.7,0.3,3,21,0.3577742,0.4641919159057844,29.861988067626953
BA,16,1.7,0.3,4,21,0.41724369999999994,0.4791935309289468,31.236315965652466
BA,16,1.5,0.3,1,22,0.1202429,0.05216078160811719,4.914516925811768
BA,16,1.5,0.3,2,22,0.6528715999999999,0.4380830689543763,14.669154167175293
BA,16,1.5,0.3,3,22,0.8312801000000001,0.35079711473162134,32.02164626121521
BA,16,1.5,0.3,4,22,0.8618036000000001,0.31920646796857,29.936835765838623
BA,16,1.7,0.3,1,22,0.030387000000000004,0.03625280315180658,3.7192118167877197
BA,16,1.7,0.3,2,22,0.2033471,0.36416069925987954,13.144057989120483
BA,16,1.7,0.3,3,22,0.5383476,0.4836348297170024,29.404099941253662
BA,16,1.7,0.3,4,22,0.5709512,0.47754996744490125,30.6526780128479
BA,16,1.5,0.3,1,23,0.1410263,0.09924086581538817,5.404677867889404
BA,16,1.5,0.3,2,23,0.5632772,0.4456264858591234,16.958937168121338
BA,16,1.5,0.3,3,23,0.6744165,0.42077486279284004,39.20412802696228
BA,16,1.5,0.3,4,23,0.6895243999999999,0.41958463344704233,36.24586796760559
BA,16,1.7,0.3,1,23,0.0257254,0.03768865382460762,3.8408892154693604
BA,16,1.7,0.3,2,23,0.2901902,0.4247106184072142,13.611346960067749
BA,16,1.7,0.3,3,23,0.46244909999999995,0.4802338575544274,32.37545704841614
BA,16,1.7,0.3,4,23,0.4915695,0.4822577266775012,31.27336096763611
BA,16,1.5,0.3,1,24,0.1073371,0.05733325337018736,5.245652198791504
BA,16,1.5,0.3,2,24,0.34508999999999995,0.4058225921993427,16.728162050247192
BA,16,1.5,0.3,3,24,0.5643958,0.447916907924231,37.76131796836853
BA,16,1.5,0.3,4,24,0.6503536,0.44114816608417895,35.29818916320801
BA,16,1.7,0.3,1,24,0.031073800000000006,0.037864249997040536,3.8956899642944336
BA,16,1.7,0.3,2,24,0.15825340000000002,0.32874465341343456,13.959244012832642
BA,16,1.7,0.3,3,24,0.3135871,0.44212725744101455,31.266484022140503
BA,16,1.7,0.3,4,24,0.3469411,0.46141383657801854,31.90593194961548
BA,16,1.5,0.3,1,25,0.1160798,0.05208791629737189,4.965105056762695
BA,16,1.5,0.3,2,25,0.4393997,0.4343858958298124,14.928337097167969
BA,16,1.5,0.3,3,25,0.7615542000000001,0.3943671835984246,31.71177387237549
BA,16,1.5,0.3,4,25,0.7718029,0.39837664199785217,31.5401668548584
BA,16,1.7,0.3,1,25,0.026269999999999998,0.035199286953292136,3.779088258743286
BA,16,1.7,0.3,2,25,0.15715500000000002,0.3291529594798495,14.018513917922974
BA,16,1.7,0.3,3,25,0.3940009,0.46772155747566807,30.266567945480347
BA,16,1.7,0.3,4,25,0.48677780000000004,0.48639624988291347,30.847226858139038
BA,16,1.5,0.3,1,26,0.1054185,0.05777693911663086,5.2891151905059814
BA,16,1.5,0.3,2,26,0.4720908000000001,0.45388109204784616,15.04245400428772
BA,16,1.5,0.3,3,26,0.6914631999999998,0.4232153703956787,34.93008589744568
BA,16,1.5,0.3,4,26,0.689889,0.43545201399920014,34.307305097579956
BA,16,1.7,0.3,1,26,0.0251568,0.03375392190845413,3.713148832321167
BA,16,1.7,0.3,2,26,0.21009,0.38579442614486337,12.811405181884766
BA,16,1.7,0.3,3,26,0.4242734,0.4831408269951271,29.750881910324097
BA,16,1.7,0.3,4,26,0.4520051,0.4888530663561889,30.137852907180786
BA,16,1.5,0.3,1,27,0.1613757,0.12040939033698009,5.618147134780884
BA,16,1.5,0.3,2,27,0.46120979999999995,0.394925166927466,19.424844980239868
BA,16,1.5,0.3,3,27,0.7065844,0.3977999111002333,33.26533508300781
BA,16,1.5,0.3,4,27,0.6942562000000001,0.4251953356756911,35.52041816711426
BA,16,1.7,0.3,1,27,0.04834720000000001,0.05852880925914118,3.9421329498291016
BA,16,1.7,0.3,2,27,0.19180870000000003,0.3449608612074123,14.076743841171265
BA,16,1.7,0.3,3,27,0.3793921999999999,0.46009293973840903,33.36920380592346
BA,16,1.7,0.3,4,27,0.4222092,0.47579883612291357,33.66718101501465
BA,16,1.5,0.3,1,28,0.10481650000000002,0.05807277613503855,4.668349981307983
BA,16,1.5,0.3,2,28,0.48254600000000003,0.4401138794687235,15.348499774932861
BA,16,1.5,0.3,3,28,0.6327086999999999,0.43614135192608033,35.83532118797302
BA,16,1.5,0.3,4,28,0.6452907,0.444104268729254,37.84707522392273
BA,16,1.7,0.3,1,28,0.027732699999999996,0.0379040700315889,3.6214311122894287
BA,16,1.7,0.3,2,28,0.16832840000000002,0.35246622744359946,12.700314044952393
BA,16,1.7,0.3,3,28,0.3546595,0.46638824515952343,30.49541211128235
BA,16,1.7,0.3,4,28,0.4136414,0.48177966881016093,29.221211194992065
BA,16,1.5,0.3,1,29,0.13255129999999998,0.15155081375835033,5.013011932373047
BA,16,1.5,0.3,2,29,0.4802331,0.4325669723908938,16.75523805618286
BA,16,1.5,0.3,3,29,0.6052986,0.45303079905561583,34.84716081619263
BA,16,1.5,0.3,4,29,0.6332437,0.44082260212556884,35.89664578437805
BA,16,1.7,0.3,1,29,0.027828000000000006,0.03623146776720006,3.5925650596618652
BA,16,1.7,0.3,2,29,0.2390595,0.40736399507762844,13.186010837554932
BA,16,1.7,0.3,3,29,0.3998867,0.4734072306571742,32.18528699874878
BA,16,1.7,0.3,4,29,0.39701349999999996,0.4754507588145415,32.90805792808533
ER,4,1.4,0.3,1,0,0.2299613659531091,0.025826379868711447,4.695920944213867
ER,4,1.4,0.3,2,0,1.0,0.0,3.0529448986053467
ER,4,1.4,0.3,3,0,1.0,0.0,4.737852096557617
ER,4,1.4,0.3,4,0,1.0,0.0,9.67126202583313
ER,4,1.6,0.3,1,0,0.005494801223241591,0.006486212036355907,3.0644989013671875
ER,4,1.6,0.3,2,0,0.9899685015290519,0.09904765642249178,3.044315814971924
ER,4,1.6,0.3,3,0,1.0,0.0,4.718754053115845
ER,4,1.6,0.3,4,0,1.0,0.0,9.710969924926758
ER,4,1.4,0.3,1,1,0.18961946992864423,0.035990461461357155,4.367530822753906
ER,4,1.4,0.3,2,1,1.0,0.0,3.10892391204834
ER,4,1.4,0.3,3,1,1.0,0.0,5.096581935882568
ER,4,1.4,0.3,4,1,1.0,0.0,10.56098985671997
ER,4,1.6,0.3,1,1,0.0012876656472986746,0.003865025562842554,3.0510001182556152
ER,4,1.6,0.3,2,1,0.9601148827726809,0.19638164023171775,3.1639509201049805
ER,4,1.6,0.3,3,1,1.0,0.0,5.0318169593811035
ER,4,1.6,0.3,4,1,1.0,0.0,10.628368854522705
ER,4,1.4,0.3,1,2,0.20263214285714284,0.030208709551147916,4.645830869674683
ER,4,1.4,0.3,2,2,1.0,0.0,3.1021289825439453
ER,4,1.4,0.3,3,2,1.0,0.0,5.118100881576538
ER,4,1.4,0.3,4,2,1.0,0.0,10.867313861846924
ER,4,1.6,0.3,1,2,0.002255102040816326,0.005567573003908061,3.030381202697754
ER,4,1.6,0.3,2,2,0.93,0.25643239997624284,3.1441221237182617
ER,4,1.6,0.3,3,2,1.0,0.0,5.13200306892395
ER,4,1.6,0.3,4,2,1.0,0.0,10.881507158279419
ER,4,1.4,0.3,1,3,0.1862661257606491,0.03324059210880543,4.914983034133911
ER,4,1.4,0.3,2,3,1.0,0.0,3.1141769886016846
ER,4,1.4,0.3,3,3,1.0,0.0,5.016075134277344
ER,4,1.4,0.3,4,3,1.0,0.0,10.414947032928467
ER,4,1.6,0.3,1,3,0.004427180527383367,0.0068754222256248495,3.0224270820617676
ER,4,1.6,0.3,2,3,0.950838032454361,0.21540362288576406,3.1591789722442627
ER,4,1.6,0.3,3,3,1.0,0.0,5.039645195007324
ER,4,1.6,0.3,4,3,1.0,0.0,10.433152914047241
ER,4,1.4,0.3,1,4,0.20149150460593657,0.04557082318221316,5.36957311630249
ER,4,1.4,0.3,2,4,1.0,0.0,3.016784906387329
ER,4,1.4,0.3,3,4,1.0,0.0,4.6084699630737305
ER,4,1.4,0.3,4,4,1.0,0.0,9.387135982513428
ER,4,1.6,0.3,1,4,0.0016550665301944734,0.0059527104877153255,2.9947292804718018
ER,4,1.6,0.3,2,4,0.9704246673490275,0.168575272603659,2.9976887702941895
ER,4,1.6,0.3,3,4,1.0,0.0,4.59569787979126
ER,4,1.6,0.3,4,4,1.0,0.0,9.378132104873657
ER,4,1.4,0.3,1,5,0.22228202479338843,0.03374560934709481,4.55929970741272
ER,4,1.4,0.3,2,5,0.991938326446281,0.08061673553719004,3.004757881164551
ER,4,1.4,0.3,3,5,1.0,0.0,4.544628858566284
ER,4,1.4,0.3,4,5,1.0,0.0,9.253380060195923
ER,4,1.6,0.3,1,5,0.0017271694214876035,0.004443125094124841,3.0197978019714355
ER,4,1.6,0.3,2,5,0.9705471074380165,0.16834562509620946,2.948359251022339
ER,4,1.6,0.3,3,5,1.0,0.0,4.498382091522217
ER,4,1.6,0.3,4,5,1.0,0.0,9.25331997871399
ER,4,1.4,0.3,1,6,0.18663255340793494,0.04040685181035402,4.649899005889893
ER,4,1.4,0.3,2,6,1.0,0.0,3.1165759563446045
ER,4,1.4,0.3,3,6,1.0,0.0,4.961133003234863
ER,4,1.4,0.3,4,6,1.0,0.0,10.362212896347046
ER,4,1.6,0.3,1,6,0.0019096642929806718,0.004713743635727617,3.0828261375427246
ER,4,1.6,0.3,2,6,0.9608136317395727,0.1929583328250779,3.1263339519500732
ER,4,1.6,0.3,3,6,1.0,0.0,4.956493854522705
ER,4,1.6,0.3,4,6,1.0,0.0,10.33115005493164
ER,4,1.4,0.3,1,7,0.20752854230377163,0.04432835884620891,5.166276693344116
ER,4,1.4,0.3,2,7,1.0,0.0,2.978632926940918
ER,4,1.4,0.3,3,7,1.0,0.0,4.5014660358428955
ER,4,1.4,0.3,4,7,1.0,0.0,9.035864114761353
ER,4,1.6,0.3,1,7,0.005212232415902141,0.0058772725436115605,3.05786395072937
ER,4,1.6,0.3,2,7,1.0,0.0,2.9954092502593994
ER,4,1.6,0.3,3,7,1.0,0.0,4.502481937408447
ER,4,1.6,0.3,4,7,1.0,0.0,9.044312000274658
ER,4,1.4,0.3,1,8,0.16846239669421487,0.03875737855852222,4.711574077606201
ER,4,1.4,0.3,2,8,1.0,0.0,2.929699182510376
ER,4,1.4,0.3,3,8,1.0,0.0,4.44173789024353
ER,4,1.4,0.3,4,8,1.0,0.0,8.90342402458191
ER,4,1.6,0.3,1,8,0.002850929752066116,0.004549872883679234,2.9807350635528564
ER,4,1.6,0.3,2,8,0.9802025826446281,0.1392875122191268,2.9203498363494873
ER,4,1.6,0.3,3,8,1.0,0.0,4.4245758056640625
ER,4,1.6,0.3,4,8,1.0,0.0,8.914812803268433
ER,4,1.4,0.3,1,9,0.19634527918781725,0.041181723132104685,4.6740288734436035
ER,4,1.4,0.3,2,9,0.9998272081218273,0.0012420377810650298,2.9963221549987793
ER,4,1.4,0.3,3,9,0.9999060913705584,0.0009390862944162583,4.681056022644043
ER,4,1.4,0.3,4,9,0.9999060913705584,0.0009390862944162583,9.585453748703003
ER,4,1.6,0.3,1,9,0.005522741116751269,0.00873945187905655,3.0669760704040527
ER,4,1.6,0.3,2,9,0.9898349238578681,0.09885346781982897,3.0487711429595947
ER,4,1.6,0.3,3,9,0.9999060913705584,0.0009390862944162583,4.695112943649292
ER,4,1.6,0.3,4,9,0.9999060913705584,0.0009390862944162583,9.568934202194214
ER,4,1.4,0.3,1,10,0.2331321792260692,0.04054767462602585,4.594695091247559
ER,4,1.4,0.3,2,10,0.9997088594704684,0.0017768782924858905,2.957550287246704
ER,4,1.4,0.3,3,10,1.0,0.0,4.52583384513855
ER,4,1.4,0.3,4,10,0.9998844195519347,0.0011558044806517568,9.176167964935303
ER,4,1.6,0.3,1,10,0.002542057026476579,0.0065427526118817005,3.06231689453125
ER,4,1.6,0.3,2,10,0.9994793279022403,0.0023950268106401103,2.980093002319336
ER,4,1.6,0.3,3,10,0.9998218940936863,0.0013085212474774944,4.560352087020874
ER,4,1.6,0.3,4,10,1.0,0.0,9.154951095581055
ER,4,1.4,0.3,1,11,0.19195362614913172,0.034582068482628896,4.507551908493042
ER,4,1.4,0.3,2,11,1.0,0.0,3.057034969329834
ER,4,1.4,0.3,3,11,1.0,0.0,4.846292972564697
ER,4,1.4,0.3,4,11,1.0,0.0,10.062659978866577
ER,4,1.6,0.3,1,11,0.0008118488253319714,0.0031426263558690733,3.005495071411133
ER,4,1.6,0.3,2,11,0.9212739530132787,0.26836602365010637,3.0900468826293945
ER,4,1.6,0.3,3,11,1.0,0.0,4.796760082244873
ER,4,1.6,0.3,4,11,1.0,0.0,10.092516899108887
ER,4,1.4,0.3,1,12,0.2052130612244898,0.04625557093728148,4.355698823928833
ER,4,1.4,0.3,2,12,0.9997633673469388,0.0016702872938268248,2.968165874481201
ER,4,1.4,0.3,3,12,1.0,0.0,4.56843638420105
ER,4,1.4,0.3,4,12,1.0,0.0,9.48340916633606
ER,4,1.6,0.3,1,12,0.005243877551020408,0.008214385840306223,3.066689968109131
ER,4,1.6,0.3,2,12,0.9800365306122449,0.13699625750785793,3.009139060974121
ER,4,1.6,0.3,3,12,1.0,0.0,4.610468149185181
ER,4,1.6,0.3,4,12,1.0,0.0,9.4928719997406
ER,4,1.4,0.3,1,13,0.25113169734151325,0.03633325170667336,4.740193128585815
ER,4,1.4,0.3,2,13,1.0,0.0,2.894847869873047
ER,4,1.4,0.3,3,13,1.0,0.0,4.403719902038574
ER,4,1.4,0.3,4,13,1.0,0.0,8.9115629196167
ER,4,1.6,0.3,1,13,0.004766053169734151,0.006019339089434886,3.0576910972595215
ER,4,1.6,0.3,2,13,1.0,0.0,2.9083733558654785
ER,4,1.6,0.3,3,13,1.0,0.0,4.414515972137451
ER,4,1.6,0.3,4,13,1.0,0.0,8.92167592048645
ER,4,1.4,0.3,1,14,0.21054685598377287,0.03212959239835025,4.5220630168914795
ER,4,1.4,0.3,2,14,1.0,0.0,3.032896041870117
ER,4,1.4,0.3,3,14,1.0,0.0,4.725311040878296
ER,4,1.4,0.3,4,14,1.0,0.0,9.717486143112183
ER,4,1.6,0.3,1,14,0.006578194726166328,0.00872094586643677,3.0531089305877686
ER,4,1.6,0.3,2,14,0.9606835699797159,0.19358589320701486,3.056165933609009
ER,4,1.6,0.3,3,14,1.0,0.0,4.724409818649292
ER,4,1.6,0.3,4,14,1.0,0.0,9.800002098083496
ER,4,1.4,0.3,1,15,0.24587274590163932,0.027971811327037747,4.501817941665649
ER,4,1.4,0.3,2,15,1.0,0.0,2.9415597915649414
ER,4,1.4,0.3,3,15,1.0,0.0,4.570013046264648
ER,4,1.4,0.3,4,15,1.0,0.0,9.37818694114685
ER,4,1.6,0.3,1,15,0.004837192622950819,0.00839170270504412,3.020197868347168
ER,4,1.6,0.3,2,15,0.9800427254098361,0.13997105930677112,2.9743459224700928
ER,4,1.6,0.3,3,15,1.0,0.0,4.570336103439331
ER,4,1.6,0.3,4,15,1.0,0.0,9.384894847869873
ER,4,1.4,0.3,1,16,0.18628329918032788,0.03460296319165386,4.771452903747559
ER,4,1.4,0.3,2,16,1.0,0.0,3.036597967147827
ER,4,1.4,0.3,3,16,1.0,0.0,4.780055999755859
ER,4,1.4,0.3,4,16,1.0,0.0,10.01641583442688
ER,4,1.6,0.3,1,16,0.0020941598360655735,0.004400845716667596,3.0155527591705322
ER,4,1.6,0.3,2,16,0.9504881147540984,0.21691306383630501,3.1027672290802
ER,4,1.6,0.3,3,16,1.0,0.0,4.755580902099609
ER,4,1.6,0.3,4,16,1.0,0.0,9.93294882774353
ER,4,1.4,0.3,1,17,0.2463656994818653,0.021076764500223777,4.417328834533691
ER,4,1.4,0.3,2,17,0.9978750259067357,0.005254316315116565,3.0067031383514404
ER,4,1.4,0.3,3,17,0.9988715025906737,0.0038739443876825634,4.800306797027588
ER,4,1.4,0.3,4,17,0.9989887046632125,0.00373652899935018,10.072105884552002
ER,4,1.6,0.3,1,17,0.007026217616580311,0.009726665913031533,3.0502467155456543
ER,4,1.6,0.3,2,17,0.9872774093264247,0.09990157857859934,3.044297933578491
ER,4,1.6,0.3,3,17,0.9991286010362695,0.003490134995111039,4.8039350509643555
ER,4,1.6,0.3,4,17,0.9989677720207254,0.0038156277666831833,10.066895961761475
ER,4,1.4,0.3,1,18,0.1659232271325796,0.05258550614067799,4.6166157722473145
ER,4,1.4,0.3,2,18,1.0,0.0,2.959689140319824
ER,4,1.4,0.3,3,18,1.0,0.0,4.5681471824646
ER,4,1.4,0.3,4,18,1.0,0.0,9.284558296203613
ER,4,1.6,0.3,1,18,0.0045532374100719425,0.006368543993501424,3.0286831855773926
ER,4,1.6,0.3,2,18,0.9616617677286742,0.18883201651788845,2.967205047607422
ER,4,1.6,0.3,3,18,1.0,0.0,4.551135063171387
ER,4,1.6,0.3,4,18,1.0,0.0,9.30631685256958
ER,4,1.4,0.3,1,19,0.2208855249745158,0.038400595121448236,4.482316970825195
ER,4,1.4,0.3,2,19,0.9998645259938838,0.0010100889416979353,2.9537909030914307
ER,4,1.4,0.3,3,19,1.0,0.0,4.507586240768433
ER,4,1.4,0.3,4,19,0.9999033639143731,0.0009663608562689443,9.15142035484314
ER,4,1.6,0.3,1,19,0.006062385321100917,0.007788367151538067,3.062246084213257
ER,4,1.6,0.3,2,19,0.9901576962283383,0.09728618156023837,2.98209285736084
ER,4,1.6,0.3,3,19,0.9999033639143731,0.0009663608562689443,4.477691888809204
ER,4,1.6,0.3,4,19,0.9999033639143731,0.0009663608562689443,9.170457124710083
ER,4,1.4,0.3,1,20,0.23746138917262513,0.02504079425953716,4.474255084991455
ER,4,1.4,0.3,2,20,1.0,0.0,2.966919183731079
ER,4,1.4,0.3,3,20,1.0,0.0,4.582291126251221
ER,4,1.4,0.3,4,20,1.0,0.0,9.51474118232727
ER,4,1.6,0.3,1,20,0.0028416751787538304,0.007626077239327738,3.007524251937866
ER,4,1.6,0.3,2,20,0.9801791624106231,0.13945065197520773,2.9943530559539795
ER,4,1.6,0.3,3,20,1.0,0.0,4.6364171504974365
ER,4,1.6,0.3,4,20,1.0,0.0,9.518513917922974
ER,4,1.4,0.3,1,21,0.20953153061224486,0.03784975427142467,4.51516580581665
ER,4,1.4,0.3,2,21,1.0,0.0,3.000297784805298
ER,4,1.4,0.3,3,21,1.0,0.0,4.665610074996948
ER,4,1.4,0.3,4,21,1.0,0.0,9.780271291732788
ER,4,1.6,0.3,1,21,0.0039702040816326535,0.009924274034315209,3.051705837249756
ER,4,1.6,0.3,2,21,0.9713453061224491,0.16382029162094974,3.034559965133667
ER,4,1.6,0.3,3,21,1.0,0.0,4.674061059951782
ER,4,1.6,0.3,4,21,1.0,0.0,9.814275741577148
ER,4,1.4,0.3,1,22,0.1910494918699187,0.02852798263629511,4.799155950546265
ER,4,1.4,0.3,2,22,1.0,0.0,3.071861982345581
ER,4,1.4,0.3,3,22,1.0,0.0,4.752316951751709
ER,4,1.4,0.3,4,22,1.0,0.0,10.080640077590942
ER,4,1.6,0.3,1,22,0.003428760162601626,0.006663518730318674,3.0046467781066895
ER,4,1.6,0.3,2,22,0.97,0.1714466079977653,3.081993818283081
ER,4,1.6,0.3,3,22,1.0,0.0,4.821412801742554
ER,4,1.6,0.3,4,22,1.0,0.0,10.094027042388916
ER,4,1.4,0.3,1,23,0.2387222564102564,0.02714270364994769,4.932234048843384
ER,4,1.4,0.3,2,23,1.0,0.0,2.984598159790039
ER,4,1.4,0.3,3,23,1.0,0.0,4.728716135025024
ER,4,1.4,0.3,4,23,1.0,0.0,9.998899936676025
ER,4,1.6,0.3,1,23,0.004548307692307693,0.00781260478583192,3.0254151821136475
ER,4,1.6,0.3,2,23,1.0,0.0,3.0117101669311523
ER,4,1.6,0.3,3,23,1.0,0.0,4.710615158081055
ER,4,1.6,0.3,4,23,1.0,0.0,9.938436031341553
ER,4,1.4,0.3,1,24,0.16029390243902436,0.05143812371784909,4.4306371212005615
ER,4,1.4,0.3,2,24,1.0,0.0,3.024543046951294
ER,4,1.4,0.3,3,24,1.0,0.0,4.687732934951782
ER,4,1.4,0.3,4,24,1.0,0.0,9.899412870407104
ER,4,1.6,0.3,1,24,0.0016889227642276428,0.003790982071163301,3.0164589881896973
ER,4,1.6,0.3,2,24,0.9600882113821138,0.19651356261799108,3.0693111419677734
ER,4,1.6,0.3,3,24,1.0,0.0,4.707180976867676
ER,4,1.6,0.3,4,24,1.0,0.0,9.96829080581665
ER,4,1.4,0.3,1,25,0.18139201213346812,0.046316030541572004,4.983055114746094
ER,4,1.4,0.3,2,25,0.9995645096056623,0.002200437895856199,3.0935211181640625
ER,4,1.4,0.3,3,25,0.9998835187057634,0.0011648129423660555,4.799987077713013
ER,4,1.4,0.3,4,25,0.9998685540950456,0.0013144590495450027,10.18835997581482
ER,4,1.6,0.3,1,25,0.001161375126390293,0.0037405621959446605,3.0307581424713135
ER,4,1.6,0.3,2,25,0.9397979777553084,0.23824007851677717,3.1018052101135254
ER,4,1.6,0.3,3,25,0.9998834175935287,0.001165824064711851,4.789792060852051
ER,4,1.6,0.3,4,25,1.0,0.0,10.29828929901123
ER,4,1.4,0.3,1,26,0.2062570990806946,0.09079935542601865,4.55805230140686
ER,4,1.4,0.3,2,26,0.9971755873340143,0.005966253167395233,3.002702236175537
ER,4,1.4,0.3,3,26,0.9985864147088865,0.0037052707411041855,4.671810865402222
ER,4,1.4,0.3,4,26,0.9996962206332993,0.0015179466191995057,9.776701927185059
ER,4,1.6,0.3,1,26,0.0024385086823289067,0.004529737856563642,3.405374765396118
ER,4,1.6,0.3,2,26,0.9869715015321756,0.09982163868010135,3.1392271518707275
ER,4,1.6,0.3,3,26,0.9983834525025536,0.004293206646295539,4.683884859085083
ER,4,1.6,0.3,4,26,0.9992715015321757,0.002675207585271631,10.095662117004395
ER,4,1.4,0.3,1,27,0.19178775510204088,0.04506828251640035,4.582427024841309
ER,4,1.4,0.3,2,27,1.0,0.0,3.093266010284424
ER,4,1.4,0.3,3,27,1.0,0.0,4.943897008895874
ER,4,1.4,0.3,4,27,1.0,0.0,10.507040977478027
ER,4,1.6,0.3,1,27,0.003256020408163264,0.006302047320877814,3.0004689693450928
ER,4,1.6,0.3,2,27,0.9609255102040817,0.19245291700703113,3.0945029258728027
ER,4,1.6,0.3,3,27,1.0,0.0,4.970735311508179
ER,4,1.6,0.3,4,27,1.0,0.0,10.53079891204834
ER,4,1.4,0.3,1,28,0.16331492842535789,0.04745864747857234,4.883892774581909
ER,4,1.4,0.3,2,28,0.9996706543967281,0.002079953171541574,3.023463249206543
ER,4,1.4,0.3,3,28,0.99984591002045,0.0015408997955010607,4.741197109222412
ER,4,1.4,0.3,4,28,0.999928527607362,0.0007147239263804007,9.984055995941162
ER,4,1.6,0.3,1,28,0.0030223926380368105,0.005046443529981289,2.9808781147003174
ER,4,1.6,0.3,2,28,0.9600905930470348,0.1932510985955373,3.037410020828247
ER,4,1.6,0.3,3,28,0.9997186094069531,0.0016429341093934092,4.727452754974365
ER,4,1.6,0.3,4,28,0.9998357873210634,0.0011651247634633796,9.998140096664429
ER,4,1.4,0.3,1,29,0.19457896341463413,0.03324885579493418,4.856145858764648
ER,4,1.4,0.3,2,29,0.9998835365853658,0.0011646341463414595,3.0545380115509033
ER,4,1.4,0.3,3,29,1.0,0.0,4.746027946472168
ER,4,1.4,0.3,4,29,1.0,0.0,9.958962202072144
ER,4,1.6,0.3,1,29,0.0026870934959349595,0.006120532932683184,2.962589979171753
ER,4,1.6,0.3,2,29,0.9607604674796747,0.1924702854863739,3.1145832538604736
ER,4,1.6,0.3,3,29,1.0,0.0,4.725542068481445
ER,4,1.6,0.3,4,29,1.0,0.0,9.989521980285645
ER,16,1.1,0.3,1,0,0.3314045,0.028165038445856348,5.34555196762085
ER,16,1.1,0.3,2,0,0.8903876000000001,0.2474793318994823,10.01783800125122
ER,16,1.1,0.3,3,0,0.9840566000000002,0.098170252290538,28.116230964660645
ER,16,1.1,0.3,4,0,0.9977509000000001,0.00575270969881058,28.179870128631592
ER,16,1.2,0.3,1,0,0.10449790000000002,0.03639479658931725,4.073585033416748
ER,16,1.2,0.3,2,0,0.455609,0.4351025841619932,10.729428052902222
ER,16,1.2,0.3,3,0,0.8621370999999999,0.3244379656235837,28.363261938095093
ER,16,1.2,0.3,4,0,0.8896871999999999,0.2928743124086653,28.77489709854126
ER,16,1.1,0.3,1,1,0.3047100000000001,0.03175756370575761,5.629334926605225
ER,16,1.1,0.3,2,1,0.8478249999999998,0.28715681727951536,11.699868202209473
ER,16,1.1,0.3,3,1,0.9594406999999998,0.15051805226982246,28.948925971984863
ER,16,1.1,0.3,4,1,0.9826979999999998,0.09402828521355702,28.489562034606934
ER,16,1.2,0.3,1,1,0.0959582,0.03876560918279412,3.8666558265686035
ER,16,1.2,0.3,2,1,0.2941763,0.37614599130263293,11.109471082687378
ER,16,1.2,0.3,3,1,0.7094234,0.419689113350693,30.21703791618347
ER,16,1.2,0.3,4,1,0.8111119999999999,0.3712196639824899,29.043440103530884
ER,16,1.1,0.3,1,2,0.30301409999999995,0.028927182948279492,5.8020570278167725
ER,16,1.1,0.3,2,2,0.8889585,0.2558834855407335,10.465019702911377
ER,16,1.1,0.3,3,2,0.9790310999999999,0.11905579354044665,27.479470014572144
ER,16,1.1,0.3,4,2,0.9932625999999999,0.067374,29.159199953079224
ER,16,1.2,0.3,1,2,0.09722530000000001,0.036506220874466776,3.9337401390075684
ER,16,1.2,0.3,2,2,0.3797181,0.41897985410379623,11.200775861740112
ER,16,1.2,0.3,3,2,0.801268,0.37656536756115083,29.19447088241577
ER,16,1.2,0.3,4,2,0.8834316,0.3033046573449064,29.323736906051636
ER,16,1.1,0.3,1,3,0.3208289,0.024245346149083722,5.756748914718628
ER,16,1.1,0.3,2,3,0.9022077000000001,0.23642868539687592,10.480517148971558
ER,16,1.1,0.3,3,3,0.9903881,0.06678364442751086,27.917868852615356
ER,16,1.1,0.3,4,3,0.9816994,0.09414171301250733,29.40234923362732
ER,16,1.2,0.3,1,3,0.1019325,0.03790158479602805,3.997603178024292
ER,16,1.2,0.3,2,3,0.3985134,0.4253584401211085,10.720280885696411
ER,16,1.2,0.3,3,3,0.8135125000000001,0.3607307860871603,28.73268985748291
ER,16,1.2,0.3,4,3,0.8893179000000001,0.29158671291759997,28.849710702896118
ER,16,1.1,0.3,1,4,0.3017259,0.027671199522611985,5.6223978996276855
ER,16,1.1,0.3,2,4,0.8913055000000001,0.25044392851908126,10.189690828323364
ER,16,1.1,0.3,3,4,0.9718780000000001,0.1381161785445774,27.711467027664185
ER,16,1.1,0.3,4,4,0.9936089,0.063911,27.96803617477417
ER,16,1.2,0.3,1,4,0.1015894,0.03404692367538623,3.9005231857299805
ER,16,1.2,0.3,2,4,0.3731434,0.4131244285626207,10.584799766540527
ER,16,1.2,0.3,3,4,0.7917462000000001,0.383419697809388,29.169111967086792
ER,16,1.2,0.3,4,4,0.8992007000000001,0.28868901647419565,29.314343214035034
ER,16,1.1,0.3,1,5,0.31924100000000005,0.03238179082088692,5.392968416213989
ER,16,1.1,0.3,2,5,0.8507572999999999,0.2811574536287811,10.419919967651367
ER,16,1.1,0.3,3,5,0.9579911,0.159665603563836,27.93050217628479
ER,16,1.1,0.3,4,5,0.9910482,0.07001775043890837,28.230951070785522
ER,16,1.2,0.3,1,5,0.10567110000000002,0.035896652551935034,3.9911248683929443
ER,16,1.2,0.3,2,5,0.41112809999999994,0.42380198842301686,10.591022729873657
ER,16,1.2,0.3,3,5,0.8541271,0.3328356371790039,27.697041273117065
ER,16,1.2,0.3,4,5,0.8646145999999999,0.31995076214128304,29.132336139678955
ER,16,1.1,0.3,1,6,0.32427819999999996,0.028078683434127373,5.364353179931641
ER,16,1.1,0.3,2,6,0.8498168999999999,0.2789426629353144,10.447480916976929
ER,16,1.1,0.3,3,6,0.9844629,0.09392154225514965,28.017106294631958
ER,16,1.1,0.3,4,6,0.9774645999999998,0.1150548400065347,29.31357479095459
ER,16,1.2,0.3,1,6,0.10547490000000001,0.03127315951499792,3.935832977294922
ER,16,1.2,0.3,2,6,0.5132524,0.45143901174073836,10.47509503364563
ER,16,1.2,0.3,3,6,0.7907576000000001,0.3817842520711604,29.42646884918213
ER,16,1.2,0.3,4,6,0.9095365,0.2658162810465988,28.940633058547974
ER,16,1.1,0.3,1,7,0.3051979,0.03038820352912086,5.596551895141602
ER,16,1.1,0.3,2,7,0.8630542,0.2742719196885757,10.219242811203003
ER,16,1.1,0.3,3,7,0.9650783,0.1503076421577433,28.417186975479126
ER,16,1.1,0.3,4,7,0.9776826,0.12418437482528738,28.48705792427063
ER,16,1.2,0.3,1,7,0.09755939999999999,0.03936312859219471,3.9981749057769775
ER,16,1.2,0.3,2,7,0.4514766,0.4408358222928418,10.588810920715332
ER,16,1.2,0.3,3,7,0.7659762000000001,0.396869464043865,28.49881911277771
ER,16,1.2,0.3,4,7,0.8907031000000001,0.2966294077613998,28.548764944076538
ER,16,1.1,0.3,1,8,0.31312900000000005,0.03018247486355101,5.593301057815552
ER,16,1.1,0.3,2,8,0.8891380999999998,0.2542550177437383,10.317057132720947
ER,16,1.1,0.3,3,8,0.9723172999999999,0.13501007954032487,28.701547145843506
ER,16,1.1,0.3,4,8,0.9864514,0.0914751721023334,27.93706178665161
ER,16,1.2,0.3,1,8,0.10232150000000001,0.03937916770631934,4.14654016494751
ER,16,1.2,0.3,2,8,0.4160316,0.43139015865839264,10.87559986114502
ER,16,1.2,0.3,3,8,0.8350366999999999,0.35286499182358194,28.21750283241272
ER,16,1.2,0.3,4,8,0.9098961,0.26851838789206134,29.166491985321045
ER,16,1.1,0.3,1,9,0.31829260000000004,0.02993460396236834,5.186192035675049
ER,16,1.1,0.3,2,9,0.8961302999999999,0.24391191109217353,9.779693126678467
ER,16,1.1,0.3,3,9,0.9639299,0.1538361642176573,27.801049947738647
ER,16,1.1,0.3,4,9,0.9993293,0.0029628092917010707,27.602848052978516
ER,16,1.2,0.3,1,9,0.10057280000000002,0.04032002608124057,4.0931031703948975
ER,16,1.2,0.3,2,9,0.4668759,0.4470607934640626,10.327725172042847
ER,16,1.2,0.3,3,9,0.8576644,0.32583547112162375,28.610188961029053
ER,16,1.2,0.3,4,9,0.9352174999999998,0.23497417199728163,28.510353088378906
ER,16,1.1,0.3,1,10,0.32850630000000003,0.026584266314206354,5.0933778285980225
ER,16,1.1,0.3,2,10,0.9377087999999999,0.19213655021322304,10.145787954330444
ER,16,1.1,0.3,3,10,0.9973398,0.005635569751519696,27.06234908103943
ER,16,1.1,0.3,4,10,0.9964656,0.006759909496734546,28.065015077590942
ER,16,1.2,0.3,1,10,0.1134247,0.022822656139074263,4.015576124191284
ER,16,1.2,0.3,2,10,0.4502454999999999,0.4312141532093194,10.035818099975586
ER,16,1.2,0.3,3,10,0.8381174999999998,0.3436652345218227,27.809653997421265
ER,16,1.2,0.3,4,10,0.9801075999999999,0.12432448096782545,27.87575912475586
ER,16,1.1,0.3,1,11,0.3208157,0.030054867444073145,5.793254852294922
ER,16,1.1,0.3,2,11,0.9368526999999999,0.196803300527956,9.589021921157837
ER,16,1.1,0.3,3,11,0.9917754,0.06770016007053278,27.334872245788574
ER,16,1.1,0.3,4,11,0.9920685,0.06720346045946796,28.43850612640381
ER,16,1.2,0.3,1,11,0.10529100000000001,0.03329276623890517,3.893479824066162
ER,16,1.2,0.3,2,11,0.49098060000000004,0.44409366030247316,10.530598163604736
ER,16,1.2,0.3,3,11,0.8821623,0.3020330659630838,27.956223964691162
ER,16,1.2,0.3,4,11,0.8828087999999998,0.3012528600954972,28.360949993133545
ER,16,1.1,0.3,1,12,0.3325275,0.031211099986603107,5.3889570236206055
ER,16,1.1,0.3,2,12,0.9112682,0.22330293147835806,9.753911018371582
ER,16,1.1,0.3,3,12,0.9832604999999998,0.09468590569948257,27.622895002365112
ER,16,1.1,0.3,4,12,0.9898503999999998,0.06654511509699816,28.621978998184204
ER,16,1.2,0.3,1,12,0.1110562,0.03003696866237075,3.9195621013641357
ER,16,1.2,0.3,2,12,0.4641200999999999,0.4377517292710423,10.33585000038147
ER,16,1.2,0.3,3,12,0.8475938000000001,0.3312930708077247,28.682048082351685
ER,16,1.2,0.3,4,12,0.9245093,0.24872379409700654,29.222004890441895
ER,16,1.1,0.3,1,13,0.32414160000000003,0.03289399916781974,5.363022089004517
ER,16,1.1,0.3,2,13,0.8770417,0.2640715229066022,10.274029016494751
ER,16,1.1,0.3,3,13,0.9931909999999999,0.06809,26.730226039886475
ER,16,1.1,0.3,4,13,0.9929372999999999,0.070627,27.590136766433716
ER,16,1.2,0.3,1,13,0.10895850000000001,0.028145073142056626,4.026151180267334
ER,16,1.2,0.3,2,13,0.427284,0.4323554512437678,10.853474140167236
ER,16,1.2,0.3,3,13,0.8665342000000001,0.3193477294065692,27.38181710243225
ER,16,1.2,0.3,4,13,0.9116764,0.26634530563798925,28.294451236724854
ER,16,1.1,0.3,1,14,0.3155758000000001,0.030420968385890573,5.50335168838501
ER,16,1.1,0.3,2,14,0.9034317999999999,0.23939649187061954,9.842735767364502
ER,16,1.1,0.3,3,14,0.9927366000000001,0.06819028754592517,27.108159065246582
ER,16,1.1,0.3,4,14,0.9931393,0.064446069588173,28.05632209777832
ER,16,1.2,0.3,1,14,0.1078274,0.02779356475259274,4.038844347000122
ER,16,1.2,0.3,2,14,0.4192124,0.42883902753552666,10.894444704055786
ER,16,1.2,0.3,3,14,0.8464231999999998,0.34030162294581484,27.918887853622437
ER,16,1.2,0.3,4,14,0.8641991000000001,0.3238544068350075,29.02338981628418
ER,16,1.1,0.3,1,15,0.3144307,0.02783447412849938,5.836705923080444
ER,16,1.1,0.3,2,15,0.8540441,0.2826253888496469,10.983006000518799
ER,16,1.1,0.3,3,15,0.9779439999999999,0.11871115760278786,27.998591899871826
ER,16,1.1,0.3,4,15,0.9918720999999999,0.06806367748303899,28.19868302345276
ER,16,1.2,0.3,1,15,0.1005034,0.03883857343290341,3.9857826232910156
ER,16,1.2,0.3,2,15,0.43193639999999994,0.4283042294334082,10.391008138656616
ER,16,1.2,0.3,3,15,0.8205425,0.35902143946103937,28.099730014801025
ER,16,1.2,0.3,4,15,0.9105586,0.26588001852062004,28.512914180755615
ER,16,1.1,0.3,1,16,0.31007379999999996,0.027312409277939143,6.040163040161133
ER,16,1.1,0.3,2,16,0.8194369,0.30479801291703285,10.484986066818237
ER,16,1.1,0.3,3,16,0.9584272999999999,0.1624434144640446,28.52379083633423
ER,16,1.1,0.3,4,16,0.9861232,0.09584224323144967,28.40401840209961
ER,16,1.2,0.3,1,16,0.09462999999999999,0.04139476190451291,3.8729400634765625
ER,16,1.2,0.3,2,16,0.34979400000000005,0.4083807697863761,11.041669845581055
ER,16,1.2,0.3,3,16,0.7559829,0.4025789173987248,29.4324848651886
ER,16,1.2,0.3,4,16,0.8449473000000001,0.3438757636266448,28.79118299484253
ER,16,1.1,0.3,1,17,0.3368294000000001,0.024261757363048423,5.011610984802246
ER,16,1.1,0.3,2,17,0.8805055999999998,0.24963795212679618,10.137465715408325
ER,16,1.1,0.3,3,17,0.9854904999999998,0.06309146125733545,27.886170864105225
ER,16,1.1,0.3,4,17,0.9842479999999998,0.07087790506400868,28.733081102371216
ER,16,1.2,0.3,1,17,0.10769620000000002,0.03767107080125453,4.14640212059021
ER,16,1.2,0.3,2,17,0.47298539999999994,0.4358996839961221,10.304129123687744
ER,16,1.2,0.3,3,17,0.8699946999999999,0.3073403874049294,28.49721598625183
ER,16,1.2,0.3,4,17,0.9047583999999997,0.262420808355626,29.429771900177002
ER,16,1.1,0.3,1,18,0.3208195,0.02695042858207593,5.7725629806518555
ER,16,1.1,0.3,2,18,0.8895652,0.25171207507857785,10.171523094177246
ER,16,1.1,0.3,3,18,0.9919302000000001,0.06677041946184786,27.328641891479492
ER,16,1.1,0.3,4,18,0.9928457,0.06331248162730699,29.037058115005493
ER,16,1.2,0.3,1,18,0.10442380000000001,0.03520037892300639,3.7899351119995117
ER,16,1.2,0.3,2,18,0.39322889999999994,0.41832650931508925,10.926552057266235
ER,16,1.2,0.3,3,18,0.8547499,0.331042655179774,28.15383505821228
ER,16,1.2,0.3,4,18,0.9263168,0.2458904159382033,29.028618097305298
ER,16,1.1,0.3,1,19,0.32729149999999996,0.028884737620830887,5.497106075286865
ER,16,1.1,0.3,2,19,0.9116833000000001,0.2281892522059997,10.058223962783813
ER,16,1.1,0.3,3,19,0.9994675,0.0023127662281914813,26.943681955337524
ER,16,1.1,0.3,4,19,0.9997333,0.0026090588322035296,27.829374074935913
ER,16,1.2,0.3,1,19,0.1124621,0.026658713635829695,3.9742839336395264
ER,16,1.2,0.3,2,19,0.4396590999999999,0.43214204057989497,10.80126690864563
ER,16,1.2,0.3,3,19,0.8656284,0.3207201251405053,27.79862093925476
ER,16,1.2,0.3,4,19,0.9113389,0.265372833327895,28.056238889694214
ER,16,1.1,0.3,1,20,0.28750279999999995,0.02706877593214452,5.8495118618011475
ER,16,1.1,0.3,2,20,0.8073431,0.31783733768971645,11.210947036743164
ER,16,1.1,0.3,3,20,0.9420645999999999,0.19353365515490104,29.469969749450684
ER,16,1.1,0.3,4,20,0.9849352000000002,0.09645643946414886,28.31656312942505
ER,16,1.2,0.3,1,20,0.1025208,0.030979820140200814,4.106757164001465
ER,16,1.2,0.3,2,20,0.31660589999999994,0.38680138923918517,11.244559049606323
ER,16,1.2,0.3,3,20,0.7173444999999999,0.42275212582032745,29.462820053100586
ER,16,1.2,0.3,4,20,0.8369355999999999,0.34781963195073307,29.108004808425903
ER,16,1.1,0.3,1,21,0.3002899,0.030599292211230686,5.898688077926636
ER,16,1.1,0.3,2,21,0.8473889,0.287543457282635,11.290965795516968
ER,16,1.1,0.3,3,21,0.9712816000000001,0.13745341156533547,27.53585410118103
ER,16,1.1,0.3,4,21,0.9850952000000001,0.10057025705948106,28.31057620048523
ER,16,1.2,0.3,1,21,0.0928486,0.04444154335526592,3.863541603088379
ER,16,1.2,0.3,2,21,0.41319839999999997,0.43333864472204103,10.72793698310852
ER,16,1.2,0.3,3,21,0.7575336000000001,0.39844711890370926,29.055751085281372
ER,16,1.2,0.3,4,21,0.8817185999999999,0.3057895978967542,29.075727701187134
ER,16,1.1,0.3,1,22,0.3057975,0.02539123464341919,5.590559005737305
ER,16,1.1,0.3,2,22,0.8829777,0.2601579770445432,10.23499584197998
ER,16,1.1,0.3,3,22,0.9660139,0.14853841693938502,27.934478998184204
ER,16,1.1,0.3,4,22,0.9932063,0.06793700000000001,27.902640104293823
ER,16,1.2,0.3,1,22,0.10788610000000003,0.026998346709389522,3.96213698387146
ER,16,1.2,0.3,2,22,0.39749450000000003,0.42619187254923124,11.163566827774048
ER,16,1.2,0.3,3,22,0.7733435999999999,0.3948035063948351,29.37510919570923
ER,16,1.2,0.3,4,22,0.8924675999999999,0.2924714769279289,28.89312195777893
ER,16,1.1,0.3,1,23,0.3106455,0.02759302555616969,5.411342144012451
ER,16,1.1,0.3,2,23,0.9015270000000001,0.24520516595930703,10.191591024398804
ER,16,1.1,0.3,3,23,0.9859407,0.09819351148362526,27.35016894340515
ER,16,1.1,0.3,4,23,0.9926724,0.06848797638515343,27.964913845062256
ER,16,1.2,0.3,1,23,0.10583359999999999,0.03135563202418927,3.782789945602417
ER,16,1.2,0.3,2,23,0.4301168000000001,0.4400878984491322,10.554763078689575
ER,16,1.2,0.3,3,23,0.8585371,0.3250994699351433,27.7751522064209
ER,16,1.2,0.3,4,23,0.9368624,0.22989751078884935,28.097023010253906
ER,16,1.1,0.3,1,24,0.2958171,0.04110780783795732,5.847210168838501
ER,16,1.1,0.3,2,24,0.8598774,0.2819888094012157,11.344332933425903
ER,16,1.1,0.3,3,24,0.9578669,0.1677005861930269,28.129608154296875
ER,16,1.1,0.3,4,24,0.9933966,0.06603400000000001,27.710008144378662
ER,16,1.2,0.3,1,24,0.10089680000000001,0.0336187056481142,3.9162561893463135
ER,16,1.2,0.3,2,24,0.3586316,0.41309146002660124,10.975435972213745
ER,16,1.2,0.3,3,24,0.7654079000000001,0.398350717628247,28.684807777404785
ER,16,1.2,0.3,4,24,0.9174408999999999,0.26394305141467717,28.22660994529724
ER,16,1.1,0.3,1,25,0.3089807,0.033316801089819326,5.398139953613281
ER,16,1.1,0.3,2,25,0.8365743000000001,0.29282264420309245,11.341626167297363
ER,16,1.1,0.3,3,25,0.9595692999999998,0.15648036943558433,28.48681330680847
ER,16,1.1,0.3,4,25,0.9737762,0.12147889263205813,28.322091102600098
ER,16,1.2,0.3,1,25,0.09780140000000002,0.03991098955061239,4.122704029083252
ER,16,1.2,0.3,2,25,0.3582028,0.41205106760363197,11.621171951293945
ER,16,1.2,0.3,3,25,0.7269762999999999,0.41289644999135633,30.23789119720459
ER,16,1.2,0.3,4,25,0.8875819,0.2950786904693065,29.285018920898438
ER,16,1.1,0.3,1,26,0.29538960000000003,0.02605669742401106,5.983688116073608
ER,16,1.1,0.3,2,26,0.8737195,0.27130679058759183,10.735608100891113
ER,16,1.1,0.3,3,26,0.9922970000000001,0.07702999999999999,27.22505497932434
ER,16,1.1,0.3,4,26,0.9929921,0.070079,27.58526611328125
ER,16,1.2,0.3,1,26,0.1007698,0.034006299504947636,4.16127610206604
ER,16,1.2,0.3,2,26,0.3525643,0.41743670438545755,11.184601068496704
ER,16,1.2,0.3,3,26,0.7558028,0.4039814647065187,29.210569143295288
ER,16,1.2,0.3,4,26,0.8261725000000001,0.3612568061708982,29.154659032821655
ER,16,1.1,0.3,1,27,0.31423860000000003,0.029484284806409224,4.9466941356658936
ER,16,1.1,0.3,2,27,0.9374818,0.19481210893223821,9.456945896148682
ER,16,1.1,0.3,3,27,0.9756655999999999,0.12507570809794372,27.892738819122314
ER,16,1.1,0.3,4,27,0.9912834,0.06653709232443132,28.457556009292603
ER,16,1.2,0.3,1,27,0.1084443,0.029574964168459388,3.663442373275757
ER,16,1.2,0.3,2,27,0.4647902,0.4381785767298649,10.553396940231323
ER,16,1.2,0.3,3,27,0.8620018999999999,0.3214979088066679,28.166641235351562
ER,16,1.2,0.3,4,27,0.9428848,0.21587590229779907,28.427128791809082
ER,16,1.1,0.3,1,28,0.2963699,0.03376976797792412,5.250729322433472
ER,16,1.1,0.3,2,28,0.8298494,0.29977732980040805,10.84507703781128
ER,16,1.1,0.3,3,28,0.9471721999999998,0.18165847497005042,28.522502899169922
ER,16,1.1,0.3,4,28,0.9817847,0.1067732011402078,28.348092794418335
ER,16,1.2,0.3,1,28,0.10305660000000001,0.03212076298262323,3.9482479095458984
ER,16,1.2,0.3,2,28,0.4141702,0.4314390433552261,10.827508211135864
ER,16,1.2,0.3,3,28,0.7617938,0.39967290455055715,29.401238203048706
ER,16,1.2,0.3,4,28,0.8293315,0.35074176843656657,30.090869903564453
ER,16,1.1,0.3,1,29,0.3217424,0.027981716509683282,5.534416913986206
ER,16,1.1,0.3,2,29,0.9054351999999999,0.23567079144510808,10.663593053817749
ER,16,1.1,0.3,3,29,0.9799026000000001,0.113762379560524,27.41300106048584
ER,16,1.1,0.3,4,29,0.9791637,0.11637967428714438,28.708341121673584
ER,16,1.2,0.3,1,29,0.1009447,0.03428126998269263,3.982006072998047
ER,16,1.2,0.3,2,29,0.45857259999999994,0.4452754772788402,10.642300367355347
ER,16,1.2,0.3,3,29,0.8908384000000001,0.2968784646299736,27.64072299003601
ER,16,1.2,0.3,4,29,0.8913182000000001,0.29493023306627153,28.724914073944092
