topo,z,regime,b,theta,L,net_realization,rho_mean,rho_std,seconds
BA,4,coop,1.4,0.4,1,0,0.9661162999999999,0.08471532398860877,2.877653121948242
BA,4,coop,1.4,0.4,4,0,0.9978072,0.015470358433488453,19.473750829696655
BA,4,coop,1.4,0.4,1,1,0.9998294999999999,0.0009131446111148927,2.450709104537964
BA,4,coop,1.4,0.4,4,1,1.0,0.0,19.775681972503662
BA,4,coop,1.4,0.4,1,2,0.9672571000000001,0.09183076547358537,2.6953210830688477
BA,4,coop,1.4,0.4,4,2,0.9866872,0.07341476496804394,22.006657123565674
BA,4,coop,1.4,0.4,1,3,0.9851879,0.07836920674762841,2.6666619777679443
BA,4,coop,1.4,0.4,4,3,0.9979442000000001,0.02055800000000003,19.1845281124115
BA,4,coop,1.4,0.4,1,4,0.9990566000000001,0.0037588659422381093,2.3597497940063477
BA,4,coop,1.4,0.4,4,4,1.0,0.0,19.117146253585815
BA,4,coop,1.4,0.4,1,5,0.8987739,0.16386981598728628,3.0998570919036865
BA,4,coop,1.4,0.4,4,5,0.9890852000000001,0.04941163459442451,21.853933095932007
BA,4,coop,1.4,0.4,1,6,0.9963064999999999,0.007368160190709869,2.322175979614258
BA,4,coop,1.4,0.4,4,6,0.9999223,0.0007770000000000053,19.599263906478882
BA,4,coop,1.4,0.4,1,7,0.9996533000000001,0.0018614445650319699,2.257631301879883
BA,4,coop,1.4,0.4,4,7,1.0,0.0,18.99234175682068
BA,4,coop,1.4,0.4,1,8,0.999879,0.0012099999999999895,2.2471489906311035
BA,4,coop,1.4,0.4,4,8,1.0,0.0,18.244324207305908
BA,4,coop,1.4,0.4,1,9,0.9382364,0.06668500856044832,2.477468967437744
BA,4,coop,1.4,0.4,4,9,0.9865093999999998,0.02570697141699787,19.72001314163208
BA,4,defect,2.0,0.7,1,0,0.5699809,0.06586245511770203,3.6707587242126465
BA,4,defect,2.0,0.7,4,0,0.5675243000000001,0.06641312769180564,27.843089818954468
BA,4,defect,2.0,0.7,1,1,0.6173625,0.038060057601059426,4.459337949752808
BA,4,defect,2.0,0.7,4,1,0.6131973000000002,0.04028876711023343,33.091618061065674
BA,4,defect,2.0,0.7,1,2,0.5658491999999999,0.050893323046021156,4.259857177734375
BA,4,defect,2.0,0.7,4,2,0.5533258999999999,0.09459535158561473,33.75656795501709
BA,4,defect,2.0,0.7,1,3,0.6227585,0.07107126044586262,3.9669082164764404
BA,4,defect,2.0,0.7,4,3,0.6127138000000001,0.11429949710274055,30.138278245925903
BA,4,defect,2.0,0.7,1,4,0.5863955999999999,0.0374520067922625,3.884438991546631
BA,4,defect,2.0,0.7,4,4,0.5874187000000001,0.03669491035235917,29.763277053833008
BA,4,defect,2.0,0.7,1,5,0.5310118,0.10123898662515783,4.028691053390503
BA,4,defect,2.0,0.7,4,5,0.5403783,0.09389444188168287,31.749083280563354
BA,4,defect,2.0,0.7,1,6,0.5818892,0.02062794841760062,3.6239330768585205
BA,4,defect,2.0,0.7,4,6,0.5804228,0.022271239826151094,27.984214067459106
BA,4,defect,2.0,0.7,1,7,0.6527388000000001,0.028919553878392616,3.7396209239959717
BA,4,defect,2.0,0.7,4,7,0.6540277,0.02784832395642183,30.013941049575806
BA,4,defect,2.0,0.7,1,8,0.5889274999999999,0.022034803846541412,3.9054670333862305
BA,4,defect,2.0,0.7,4,8,0.5894614,0.025384569122507358,28.8368980884552
BA,4,defect,2.0,0.7,1,9,0.6361397000000001,0.0611556206598619,3.387104034423828
BA,4,defect,2.0,0.7,4,9,0.6367135,0.06128775307943055,26.140926837921143
BA,4,bistable,2.0,0.5,1,0,0.5740031,0.0627211697011206,3.7247421741485596
BA,4,bistable,2.0,0.5,4,0,0.7498239000000001,0.2212579778389101,23.367735862731934
BA,4,bistable,2.0,0.5,1,1,0.6179849000000001,0.036269303700222744,4.303548812866211
BA,4,bistable,2.0,0.5,4,1,0.7883861999999999,0.19034546581179995,27.57779622077942
BA,4,bistable,2.0,0.5,1,2,0.5646933999999999,0.04800294345394276,4.164355039596558
BA,4,bistable,2.0,0.5,4,2,0.7096111999999999,0.2363757750550781,29.272464990615845
BA,4,bistable,2.0,0.5,1,3,0.6185957999999999,0.09506806702589678,3.8862130641937256
BA,4,bistable,2.0,0.5,4,3,0.7522823,0.19212411059108153,217.60260200500488
BA,4,bistable,2.0,0.5,1,4,0.5863362,0.03872462385207698,4.37160587310791
BA,4,bistable,2.0,0.5,4,4,0.7311761,0.2156826144770752,28.285522937774658
BA,4,bistable,2.0,0.5,1,5,0.5318069000000001,0.10079926936458587,4.1264050006866455
BA,4,bistable,2.0,0.5,4,5,0.7301928,0.24276844528567595,26.021433115005493
BA,4,bistable,2.0,0.5,1,6,0.5819238999999999,0.02041045463417553,3.632061004638672
BA,4,bistable,2.0,0.5,4,6,0.717363,0.21265089778861274,24.973469972610474
BA,4,bistable,2.0,0.5,1,7,0.6544955,0.0284682099991474,3.5937659740448
BA,4,bistable,2.0,0.5,4,7,0.8179964000000001,0.1768722351378719,24.016849994659424
BA,4,bistable,2.0,0.5,1,8,0.5899826,0.025435993014751083,3.7619521617889404
BA,4,bistable,2.0,0.5,4,8,0.7889583000000002,0.20858136283312378,22.926295042037964
BA,4,bistable,2.0,0.5,1,9,0.6374814000000001,0.06083529559342498,3.3625640869140625
BA,4,bistable,2.0,0.5,4,9,0.7702423999999998,0.1811675008545931,24.28496789932251
BA,16,coop,1.0,0.0,1,0,0.9722974999999999,0.12174011573238855,3.2144598960876465
BA,16,coop,1.0,0.0,4,0,0.9722974999999999,0.12174011573238855,33.63178896903992
BA,16,coop,1.0,0.0,1,1,0.8934622999999999,0.14810535088687116,5.6917712688446045
BA,16,coop,1.0,0.0,4,1,0.8934622999999999,0.14810535088687116,59.77701234817505
BA,16,coop,1.0,0.0,1,2,0.9978149999999999,0.02185000000000002,2.769810914993286
BA,16,coop,1.0,0.0,4,2,0.9978149999999999,0.02185000000000002,28.679968118667603
BA,16,coop,1.0,0.0,1,3,0.9985697,0.014303000000000019,2.97420072555542
BA,16,coop,1.0,0.0,4,3,0.9985697,0.014303000000000019,30.1458261013031
BA,16,coop,1.0,0.0,1,4,0.8691490999999999,0.23089866986110213,3.8830080032348633
BA,16,coop,1.0,0.0,4,4,0.8691490999999999,0.23089866986110213,40.32984709739685
BA,16,coop,1.0,0.0,1,5,1.0,0.0,2.6815290451049805
BA,16,coop,1.0,0.0,4,5,1.0,0.0,27.541297912597656
BA,16,coop,1.0,0.0,1,6,1.0,0.0,2.715776205062866
BA,16,coop,1.0,0.0,4,6,1.0,0.0,28.281412839889526
BA,16,coop,1.0,0.0,1,7,0.8198862,0.20245371017393565,5.330277919769287
BA,16,coop,1.0,0.0,4,7,0.8198862,0.20245371017393565,56.33299493789673
BA,16,coop,1.0,0.0,1,8,1.0,0.0,2.743821859359741
BA,16,coop,1.0,0.0,4,8,1.0,0.0,28.789938926696777
BA,16,coop,1.0,0.0,1,9,1.0,0.0,2.7063560485839844
BA,16,coop,1.0,0.0,4,9,1.0,0.0,27.594692707061768
BA,16,defect,2.0,0.6,1,0,0.002021799999999999,0.00806196900279455,3.251718044281006
BA,16,defect,2.0,0.6,4,0,0.002554099999999998,0.008844788809282448,28.724045991897583
BA,16,defect,2.0,0.6,1,1,0.0012921000000000002,0.007437203408227689,3.226851224899292
BA,16,defect,2.0,0.6,4,1,0.0019825999999999997,0.010059254708621772,28.349377632141113
BA,16,defect,2.0,0.6,1,2,0.004358299999999999,0.01454445251981009,3.3262062072753906
BA,16,defect,2.0,0.6,4,2,0.0038214999999999994,0.013062286709872396,29.253434896469116
BA,16,defect,2.0,0.6,1,3,0.0013576999999999994,0.00711824300972189,3.230454206466675
BA,16,defect,2.0,0.6,4,3,0.0010685999999999998,0.006552526850094711,28.05584216117859
BA,16,defect,2.0,0.6,1,4,0.006150699999999998,0.01564830111506929,3.3929800987243652
BA,16,defect,2.0,0.6,4,4,0.0082158,0.020182296431588878,30.39164900779724
BA,16,defect,2.0,0.6,1,5,0.001284699999999999,0.006706823068090183,3.289557933807373
BA,16,defect,2.0,0.6,4,5,0.0014157999999999992,0.006721983109863703,28.80459690093994
BA,16,defect,2.0,0.6,1,6,0.0,0.0,3.241766929626465
BA,16,defect,2.0,0.6,4,6,0.0,0.0,28.427157878875732
BA,16,defect,2.0,0.6,1,7,0.004702199999999998,0.013810662955583529,3.2722511291503906
BA,16,defect,2.0,0.6,4,7,0.005293799999999999,0.014267966931684287,29.116438150405884
BA,16,defect,2.0,0.6,1,8,0.002858799999999999,0.01051583416769322,3.2303411960601807
BA,16,defect,2.0,0.6,4,8,0.003403999999999999,0.011210229004950535,28.70631694793701
BA,16,defect,2.0,0.6,1,9,0.0,0.0,3.1790249347686768
BA,16,defect,2.0,0.6,4,9,0.0,0.0,27.975768089294434
BA,16,transition,1.7,0.2,1,0,0.09658929999999998,0.2524030477303027,3.619647979736328
BA,16,transition,1.7,0.2,4,0,0.53093,0.4873487440895447,30.744269132614136
BA,16,transition,1.7,0.2,1,1,0.0696755,0.19463876318994403,3.5161569118499756
BA,16,transition,1.7,0.2,4,1,0.45543890000000004,0.482242043870664,30.39889931678772
BA,16,transition,1.7,0.2,1,2,0.11124590000000001,0.24860088893238033,3.7997660636901855
BA,16,transition,1.7,0.2,4,2,0.4588512,0.4738877779873819,32.190305948257446
BA,16,transition,1.7,0.2,1,3,0.0570599,0.14211518027158906,3.8101582527160645
BA,16,transition,1.7,0.2,4,3,0.4329566,0.4734396700768374,32.56222319602966
BA,16,transition,1.7,0.2,1,4,0.1258332,0.2657565515479659,3.6072349548339844
BA,16,transition,1.7,0.2,4,4,0.49352140000000005,0.48089290205671065,30.654477834701538
BA,16,transition,1.7,0.2,1,5,0.04486999999999999,0.10569540308993307,3.5840508937835693
BA,16,transition,1.7,0.2,4,5,0.5353829,0.48709930143780955,31.044162034988403
BA,16,transition,1.7,0.2,1,6,0.0396528,0.1421526803669743,3.4334747791290283
BA,16,transition,1.7,0.2,4,6,0.4695438,0.4926142285841893,29.94904375076294
BA,16,transition,1.7,0.2,1,7,0.055471000000000006,0.10536909374271765,3.504995107650757
BA,16,transition,1.7,0.2,4,7,0.4113083,0.47436643798542477,31.81286382675171
BA,16,transition,1.7,0.2,1,8,0.0774918,0.1941421520816875,3.8445379734039307
BA,16,transition,1.7,0.2,4,8,0.5782278000000001,0.47895079698280557,31.202857971191406
BA,16,transition,1.7,0.2,1,9,0.0178992,0.029921217521006623,3.438749074935913
BA,16,transition,1.7,0.2,4,9,0.46209720000000004,0.4896336005339898,30.804652214050293
BA,16,bistable,1.8,0.1,1,0,0.1101147,0.29901426530429054,3.386773109436035
BA,16,bistable,1.8,0.1,4,0,0.5064873999999999,0.4920130608548492,29.815984964370728
BA,16,bistable,1.8,0.1,1,1,0.03871739999999999,0.17136547490416879,3.400006055831909
BA,16,bistable,1.8,0.1,4,1,0.4850011,0.49367877081491285,30.138258934020996
BA,16,bistable,1.8,0.1,1,2,0.100312,0.26857520765263604,3.5391769409179688
BA,16,bistable,1.8,0.1,4,2,0.48294209999999993,0.48989347766135993,30.76046895980835
BA,16,bistable,1.8,0.1,1,3,0.0295791,0.10277864649794478,3.4789459705352783
BA,16,bistable,1.8,0.1,4,3,0.42732149999999997,0.4874607185590767,30.1168110370636
BA,16,bistable,1.8,0.1,1,4,0.09610019999999998,0.25276879059917523,3.435119152069092
BA,16,bistable,1.8,0.1,4,4,0.5070532,0.4960127251542133,30.136272192001343
BA,16,bistable,1.8,0.1,1,5,0.021039700000000005,0.10167055978094994,3.454603910446167
BA,16,bistable,1.8,0.1,4,5,0.4477308,0.49236683409889187,29.438759088516235
BA,16,bistable,1.8,0.1,1,6,0.006802600000000001,0.018423664932237387,3.2741141319274902
BA,16,bistable,1.8,0.1,4,6,0.3961452999999999,0.4855947019839267,29.5535249710083
BA,16,bistable,1.8,0.1,1,7,0.0398415,0.14175642122434287,3.3819048404693604
BA,16,bistable,1.8,0.1,4,7,0.43005180000000004,0.4880050766530525,28.955540895462036
BA,16,bistable,1.8,0.1,1,8,0.0385684,0.1415245172086855,3.407233953475952
BA,16,bistable,1.8,0.1,4,8,0.527222,0.4949529029283207,29.01189684867859
BA,16,bistable,1.8,0.1,1,9,0.0072454,0.017818626584945804,3.3406381607055664
BA,16,bistable,1.8,0.1,4,9,0.4238964,0.4928796792004386,28.94124484062195
ER,4,coop,1.0,0.0,1,0,1.0,0.0,2.437142848968506
ER,4,coop,1.0,0.0,4,0,1.0,0.0,9.585690975189209
ER,4,coop,1.0,0.0,1,1,1.0,0.0,2.4774489402770996
ER,4,coop,1.0,0.0,4,1,1.0,0.0,10.465135097503662
ER,4,coop,1.0,0.0,1,2,1.0,0.0,2.4106569290161133
ER,4,coop,1.0,0.0,4,2,1.0,0.0,10.809875965118408
ER,4,coop,1.0,0.0,1,3,1.0,0.0,2.4052300453186035
ER,4,coop,1.0,0.0,4,3,1.0,0.0,10.342519044876099
ER,4,coop,1.0,0.0,1,4,1.0,0.0,2.3971800804138184
ER,4,coop,1.0,0.0,4,4,1.0,0.0,9.403528213500977
ER,4,coop,1.0,0.0,1,5,1.0,0.0,2.349210739135742
ER,4,coop,1.0,0.0,4,5,1.0,0.0,9.202647924423218
ER,4,coop,1.0,0.0,1,6,1.0,0.0,2.4580397605895996
ER,4,coop,1.0,0.0,4,6,1.0,0.0,10.318935632705688
ER,4,coop,1.0,0.0,1,7,1.0,0.0,2.4203298091888428
ER,4,coop,1.0,0.0,4,7,1.0,0.0,8.966783046722412
ER,4,coop,1.0,0.0,1,8,1.0,0.0,2.3761632442474365
ER,4,coop,1.0,0.0,4,8,1.0,0.0,8.914726972579956
ER,4,coop,1.0,0.0,1,9,1.0,0.0,2.3974828720092773
ER,4,coop,1.0,0.0,4,9,1.0,0.0,9.557943105697632
ER,4,defect,1.7,0.5,1,0,0.0004961264016309888,0.0019197662829487164,2.9118831157684326
ER,4,defect,1.7,0.5,4,0,0.0015328236493374115,0.0032398080983847047,10.177040815353394
ER,4,defect,1.7,0.5,1,1,0.0,0.0,2.9549880027770996
ER,4,defect,1.7,0.5,4,1,6.330275229357798e-05,0.0006330275229357797,11.036182880401611
ER,4,defect,1.7,0.5,1,2,0.0,0.0,2.923023223876953
ER,4,defect,1.7,0.5,4,2,4.54081632653061e-05,0.00036624693581312456,11.349289894104004
ER,4,defect,1.7,0.5,1,3,0.0008003042596348887,0.002416472857161142,2.9347739219665527
ER,4,defect,1.7,0.5,4,3,0.0007594320486815419,0.0023589557493558983,10.905422687530518
ER,4,defect,1.7,0.5,1,4,0.0,0.0,2.908112049102783
ER,4,defect,1.7,0.5,4,4,0.0,0.0,9.96691107749939
ER,4,defect,1.7,0.5,1,5,0.0,0.0,2.861891984939575
ER,4,defect,1.7,0.5,4,5,0.02017592975206611,0.14068304734515874,9.841597080230713
ER,4,defect,1.7,0.5,1,6,0.0,0.0,2.9045140743255615
ER,4,defect,1.7,0.5,4,6,0.0,0.0,10.941250085830688
ER,4,defect,1.7,0.5,1,7,0.0025800203873598358,0.00330470537763136,2.9208199977874756
ER,4,defect,1.7,0.5,4,7,0.00296901121304791,0.003049642367462514,9.62922191619873
ER,4,defect,1.7,0.5,1,8,0.0,0.0,2.8369510173797607
ER,4,defect,1.7,0.5,4,8,3.460743801652893e-05,0.0003080241552879168,9.43792724609375
ER,4,defect,1.7,0.5,1,9,0.0005579695431472078,0.002257100529592883,2.895146369934082
ER,4,defect,1.7,0.5,4,9,0.0005598984771573601,0.0019521650845553053,1030.062390089035
ER,4,transition,1.7,0.4,1,0,0.00026748216106014285,0.0010377092724843946,3.061220169067383
ER,4,transition,1.7,0.4,4,0,0.6320101936799185,0.48264817435586427,9.989872217178345
ER,4,transition,1.7,0.4,1,1,0.0,0.0,3.0417652130126953
ER,4,transition,1.7,0.4,4,1,0.46,0.5009082659620331,10.975300073623657
ER,4,transition,1.7,0.4,1,2,1.0102040816326528e-05,0.00010102040816326528,3.0168402194976807
ER,4,transition,1.7,0.4,4,2,0.49013448979591834,0.5022866733780897,11.229318857192993
ER,4,transition,1.7,0.4,1,3,0.0006227180527383369,0.002070478528649719,49.48581290245056
ER,4,transition,1.7,0.4,4,3,0.5603963488843814,0.49844140707208495,10.85154104232788
ER,4,transition,1.7,0.4,1,4,0.0,0.0,3.377606153488159
ER,4,transition,1.7,0.4,4,4,0.6904503582395087,0.4641692753980589,9.760081052780151
ER,4,transition,1.7,0.4,1,5,4.6900826446280993e-05,0.0004690082644628099,3.0210843086242676
ER,4,transition,1.7,0.4,4,5,0.7202502066115701,0.45085933448787296,9.656960010528564
ER,4,transition,1.7,0.4,1,6,0.0,0.0,3.0675137042999268
ER,4,transition,1.7,0.4,4,6,0.620707019328586,0.48694288263197594,10.774196147918701
ER,4,transition,1.7,0.4,1,7,0.0025800203873598358,0.00330470537763136,3.059391975402832
ER,4,transition,1.7,0.4,4,7,0.7515159021406729,0.4325650817907273,9.363454103469849
ER,4,transition,1.7,0.4,1,8,0.00017489669421487597,0.0007975803691467038,2.977896213531494
ER,4,transition,1.7,0.4,4,8,0.6504401859504132,0.47877198589093517,9.315659761428833
ER,4,transition,1.7,0.4,1,9,0.0006011167512690352,0.0025275768464198605,3.0185599327087402
ER,4,transition,1.7,0.4,4,9,0.6117024365482233,0.4878140444312393,10.020076036453247
ER,16,coop,1.2,0.0,1,0,0.22705530000000004,0.027401454965978084,6.042149066925049
ER,16,coop,1.2,0.0,4,0,0.9976335999999999,0.005417828690275585,28.198011875152588
ER,16,coop,1.2,0.0,1,1,0.2092387,0.0236037225558798,5.234611988067627
ER,16,coop,1.2,0.0,4,1,0.9952048999999998,0.00719011814783322,28.571141958236694
ER,16,coop,1.2,0.0,1,2,0.20457039999999999,0.03396720622642202,13.412106037139893
ER,16,coop,1.2,0.0,4,2,1.0,0.0,27.806800842285156
ER,16,coop,1.2,0.0,1,3,0.21300049999999998,0.04058714580748417,5.743372917175293
ER,16,coop,1.2,0.0,4,3,0.9972193999999999,0.007653959669756904,27.861823081970215
ER,16,coop,1.2,0.0,1,4,0.20494510000000002,0.03817164894025646,4.803167104721069
ER,16,coop,1.2,0.0,4,4,1.0,0.0,27.52619481086731
ER,16,coop,1.2,0.0,1,5,0.22848979999999997,0.025964662893084422,5.69968318939209
ER,16,coop,1.2,0.0,4,5,0.9989028999999999,0.0033303299484671598,27.84208917617798
ER,16,coop,1.2,0.0,1,6,0.22259279999999998,0.03378166187370738,5.513552188873291
ER,16,coop,1.2,0.0,4,6,0.9979973,0.006898384799239996,27.844395875930786
ER,16,coop,1.2,0.0,1,7,0.21125980000000003,0.03687854030887248,5.964228868484497
ER,16,coop,1.2,0.0,4,7,0.9995750999999999,0.002450162433287926,27.887627124786377
ER,16,coop,1.2,0.0,1,8,0.21471869999999996,0.03558399900463151,5.486017942428589
ER,16,coop,1.2,0.0,4,8,0.9990875,0.0037273012348011518,33.62341094017029
ER,16,coop,1.2,0.0,1,9,0.22111020000000003,0.030011423009759258,5.841740131378174
ER,16,coop,1.2,0.0,4,9,0.9981939999999999,0.004758392479598553,27.864041090011597
ER,16,defect,1.4,0.1,1,0,0.0,0.0,3.3610167503356934
ER,16,defect,1.4,0.1,4,0,0.0,0.0,27.927316904067993
ER,16,defect,1.4,0.1,1,1,0.0,0.0,3.3058698177337646
ER,16,defect,1.4,0.1,4,1,0.009729199999999999,0.097292,27.89679479598999
ER,16,defect,1.4,0.1,1,2,0.0,0.0,3.321632146835327
ER,16,defect,1.4,0.1,4,2,0.0004230999999999998,0.0029770725553805353,27.948962926864624
ER,16,defect,1.4,0.1,1,3,0.0,0.0,3.3215999603271484
ER,16,defect,1.4,0.1,4,3,0.01,0.09999999999999999,28.02436876296997
ER,16,defect,1.4,0.1,1,4,0.0,0.0,3.2822060585021973
ER,16,defect,1.4,0.1,4,4,0.0,0.0,27.945085048675537
ER,16,defect,1.4,0.1,1,5,0.0,0.0,3.259735107421875
ER,16,defect,1.4,0.1,4,5,0.0,0.0,28.061895847320557
ER,16,defect,1.4,0.1,1,6,0.0,0.0,3.3002519607543945
ER,16,defect,1.4,0.1,4,6,0.02,0.14070529413628965,27.841284036636353
ER,16,defect,1.4,0.1,1,7,0.0,0.0,11.091509819030762
ER,16,defect,1.4,0.1,4,7,0.01,0.09999999999999999,28.06800889968872
ER,16,defect,1.4,0.1,1,8,0.0,0.0,3.2897229194641113
ER,16,defect,1.4,0.1,4,8,0.01,0.09999999999999999,28.25086784362793
ER,16,defect,1.4,0.1,1,9,0.0,0.0,3.298140048980713
ER,16,defect,1.4,0.1,4,9,0.0,0.0,28.30078387260437
ER,16,transition,1.2,0.4,1,0,0.10448570000000001,0.037160124502487936,3.9427149295806885
ER,16,transition,1.2,0.4,4,0,0.6916385999999999,0.42781493403795395,481.9530019760132
ER,16,transition,1.2,0.4,1,1,0.09315350000000003,0.04088863998160681,4.259735107421875
ER,16,transition,1.2,0.4,4,1,0.47926269999999993,0.4405159488963257,33.433112144470215
ER,16,transition,1.2,0.4,1,2,0.0948027,0.039938066974334954,3.984017848968506
ER,16,transition,1.2,0.4,4,2,0.5567677000000001,0.4552436296501916,31.537295818328857
ER,16,transition,1.2,0.4,1,3,0.10428399999999999,0.030771156342039908,4.0824949741363525
ER,16,transition,1.2,0.4,4,3,0.5433639,0.4496416152958359,32.27909994125366
ER,16,transition,1.2,0.4,1,4,0.09494010000000003,0.0397982632861782,4.17069411277771
ER,16,transition,1.2,0.4,4,4,0.5564355000000001,0.4654012627620982,31.080819845199585
ER,16,transition,1.2,0.4,1,5,0.1072499,0.0354566887449685,11.753800868988037
ER,16,transition,1.2,0.4,4,5,0.5653684999999999,0.45456331301163216,31.97695517539978
ER,16,transition,1.2,0.4,1,6,0.10193469999999999,0.039273144638646916,3.975908041000366
ER,16,transition,1.2,0.4,4,6,0.6760819000000001,0.43131557950838795,30.593482971191406
ER,16,transition,1.2,0.4,1,7,0.09898380000000001,0.03515089446050751,3.7750439643859863
ER,16,transition,1.2,0.4,4,7,0.6147133,0.44604479861310803,30.57913327217102
ER,16,transition,1.2,0.4,1,8,0.10796859999999998,0.02961235900939015,4.093491077423096
ER,16,transition,1.2,0.4,4,8,0.6701295999999999,0.4320300634692596,30.44452404975891
ER,16,transition,1.2,0.4,1,9,0.1009822,0.035664023367924694,3.9609038829803467
ER,16,transition,1.2,0.4,4,9,0.6616458999999999,0.43372934334789937,30.25457000732422
ER,16,bistable,1.3,0.2,1,0,0.017464399999999998,0.02641452635703822,3.5558218955993652
ER,16,bistable,1.3,0.2,4,0,0.4717165,0.4961530359674799,29.38479995727539
ER,16,bistable,1.3,0.2,1,1,0.006325099999999999,0.017438586409152978,3.423200845718384
ER,16,bistable,1.3,0.2,4,1,0.25210319999999997,0.4296015377793517,29.355319023132324
ER,16,bistable,1.3,0.2,1,2,0.0108915,0.022103010324479342,3.404614210128784
ER,16,bistable,1.3,0.2,4,2,0.3843065,0.4846393294203016,30.21498703956604
ER,16,bistable,1.3,0.2,1,3,0.010385499999999999,0.022015122826839005,8.185014963150024
ER,16,bistable,1.3,0.2,4,3,0.34808369999999994,0.4686981634781471,28.60059380531311
ER,16,bistable,1.3,0.2,1,4,0.009321899999999998,0.020926621231137987,3.398519992828369
ER,16,bistable,1.3,0.2,4,4,0.3392984,0.46645173079435615,30.028625011444092
ER,16,bistable,1.3,0.2,1,5,0.0111019,0.02291949929358595,3.5085928440093994
ER,16,bistable,1.3,0.2,4,5,0.5164977,0.4952993364589505,29.311970949172974
ER,16,bistable,1.3,0.2,1,6,0.0074186,0.018846581021554554,3.4921159744262695
ER,16,bistable,1.3,0.2,4,6,0.44298269999999995,0.4937993222087779,29.058942794799805
ER,16,bistable,1.3,0.2,1,7,0.0078013,0.019017977122935154,3.4625160694122314
ER,16,bistable,1.3,0.2,4,7,0.4234576,0.4925841255580184,28.321233987808228
ER,16,bistable,1.3,0.2,1,8,0.009501999999999998,0.020586172813592894,3.450610876083374
ER,16,bistable,1.3,0.2,4,8,0.3977794,0.48386152452410175,29.203141927719116
ER,16,bistable,1.3,0.2,1,9,0.011857799999999998,0.022788213929595496,3.3940820693969727
ER,16,bistable,1.3,0.2,4,9,0.46313799999999994,0.49684655124173704,28.63459014892578
