topo,z,regime,b,theta,L,sweep,value,K,update_rule,rho_mean,rho_std,seconds
BA,4,coop,1.4,0.4,1,N,250.0,0.1,fermi,1.0,0.0,0.9509000778198242
BA,4,coop,1.4,0.4,1,N,500.0,0.1,fermi,0.9914712,0.046951971103081955,1.1203880310058594
BA,4,coop,1.4,0.4,1,N,1000.0,0.1,fermi,0.9652056999999999,0.08700309855453948,2.8423349857330322
BA,4,coop,1.4,0.4,1,N,2000.0,0.1,fermi,0.9701104500000001,0.06661757547501405,4.040843963623047
BA,4,coop,1.4,0.4,1,K,0.05,0.05,fermi,0.9710517,0.08004368221625847,2.796015977859497
BA,4,coop,1.4,0.4,1,K,0.2,0.2,fermi,0.9743402,0.07929567327389053,2.9259400367736816
BA,4,coop,1.4,0.4,1,async,1.0,0.1,fermi_async,0.9543944999999998,0.09092192179768217,5.169431924819946
BA,4,coop,1.4,0.4,4,N,250.0,0.1,fermi,1.0,0.0,2.2543840408325195
BA,4,coop,1.4,0.4,4,N,500.0,0.1,fermi,1.0,0.0,6.599156856536865
BA,4,coop,1.4,0.4,4,N,1000.0,0.1,fermi,0.9986487,0.013513000000000018,20.766260147094727
BA,4,coop,1.4,0.4,4,N,2000.0,0.1,fermi,0.99967545,0.0019651319249157496,59.919615030288696
BA,4,coop,1.4,0.4,4,K,0.05,0.05,fermi,0.9950466,0.030954902133604106,21.05107617378235
BA,4,coop,1.4,0.4,4,K,0.2,0.2,fermi,0.9986713,0.013286999999999998,20.6410129070282
BA,4,coop,1.4,0.4,4,async,1.0,0.1,fermi_async,0.9979303999999999,0.01456168286700374,23.149882078170776
BA,4,defect,2.0,0.7,1,N,250.0,0.1,fermi,0.4668912,0.20963612782016927,1.1376910209655762
BA,4,defect,2.0,0.7,1,N,500.0,0.1,fermi,0.5847996000000001,0.10817949464877644,1.9952518939971924
BA,4,defect,2.0,0.7,1,N,1000.0,0.1,fermi,0.5827585999999999,0.05441822065663619,4.10361123085022
BA,4,defect,2.0,0.7,1,N,2000.0,0.1,fermi,0.5946176499999999,0.056705637434883556,5.208231210708618
BA,4,defect,2.0,0.7,1,K,0.05,0.05,fermi,0.5808237999999999,0.05343986284572313,4.1794726848602295
BA,4,defect,2.0,0.7,1,K,0.2,0.2,fermi,0.5853784999999998,0.06265731663605059,4.34061598777771
BA,4,defect,2.0,0.7,1,async,1.0,0.1,fermi_async,0.6495673,0.08649464177781609,7.577664852142334
BA,4,defect,2.0,0.7,4,N,250.0,0.1,fermi,0.4581776,0.2171430018647349,3.6872339248657227
BA,4,defect,2.0,0.7,4,N,500.0,0.1,fermi,0.5856404000000001,0.10855704986128659,11.001112222671509
BA,4,defect,2.0,0.7,4,N,1000.0,0.1,fermi,0.5869532,0.046232732640785396,31.223172187805176
BA,4,defect,2.0,0.7,4,N,2000.0,0.1,fermi,0.59636895,0.05324297377316182,81.4828450679779
BA,4,defect,2.0,0.7,4,K,0.05,0.05,fermi,0.5870601,0.04517978014923636,31.389548778533936
BA,4,defect,2.0,0.7,4,K,0.2,0.2,fermi,0.5886958999999999,0.059948184361769664,32.96793484687805
BA,4,defect,2.0,0.7,4,async,1.0,0.1,fermi_async,0.6434084,0.08875387142183508,36.38242697715759
BA,4,bistable,2.0,0.5,1,N,250.0,0.1,fermi,0.46092120000000003,0.21434132850576476,1.1708590984344482
BA,4,bistable,2.0,0.5,1,N,500.0,0.1,fermi,0.5810964000000001,0.1086986565807722,2.0389246940612793
BA,4,bistable,2.0,0.5,1,N,1000.0,0.1,fermi,0.5846908,0.05169143823915451,4.173079013824463
BA,4,bistable,2.0,0.5,1,N,2000.0,0.1,fermi,0.6023499999999999,0.04852906021502513,5.2486891746521
BA,4,bistable,2.0,0.5,1,K,0.05,0.05,fermi,0.5833578,0.051014260386561316,4.243650913238525
BA,4,bistable,2.0,0.5,1,K,0.2,0.2,fermi,0.5826208999999999,0.06621508909934609,4.357371091842651
BA,4,bistable,2.0,0.5,1,async,1.0,0.1,fermi_async,0.6490161999999999,0.08518732910450708,7.390174865722656
BA,4,bistable,2.0,0.5,4,N,250.0,0.1,fermi,0.6299952000000001,0.32501694124759,3.165724992752075
BA,4,bistable,2.0,0.5,4,N,500.0,0.1,fermi,0.719309,0.22757976623370957,9.842397212982178
BA,4,bistable,2.0,0.5,4,N,1000.0,0.1,fermi,0.7505185,0.20776176853647554,27.780290126800537
BA,4,bistable,2.0,0.5,4,N,2000.0,0.1,fermi,0.7624682,0.19346743483380277,68.6301941871643
BA,4,bistable,2.0,0.5,4,K,0.05,0.05,fermi,0.7533040000000001,0.20426166130428847,27.34841299057007
BA,4,bistable,2.0,0.5,4,K,0.2,0.2,fermi,0.7522990999999999,0.20474478508717614,28.668282985687256
BA,4,bistable,2.0,0.5,4,async,1.0,0.1,fermi_async,0.782779,0.2011665364338912,30.314278841018677
BA,16,coop,1.0,0.0,1,N,250.0,0.1,fermi,0.9207027999999999,0.26461080605861487,0.9120388031005859
BA,16,coop,1.0,0.0,1,N,500.0,0.1,fermi,0.9525232,0.16396874347918086,1.7391769886016846
BA,16,coop,1.0,0.0,1,N,1000.0,0.1,fermi,0.9788332,0.10320186478308942,3.6040937900543213
BA,16,coop,1.0,0.0,1,N,2000.0,0.1,fermi,0.97065315,0.12107569655922076,5.738171815872192
BA,16,coop,1.0,0.0,1,K,0.05,0.05,fermi,0.9788332,0.10320186478308942,3.3076610565185547
BA,16,coop,1.0,0.0,1,K,0.2,0.2,fermi,0.9677575,0.1305514489423982,3.142087936401367
BA,16,coop,1.0,0.0,1,async,1.0,0.1,fermi_async,0.9574482000000001,0.14937747838021745,6.490084171295166
BA,16,coop,1.0,0.0,4,N,250.0,0.1,fermi,0.9207027999999999,0.26461080605861487,2.8134210109710693
BA,16,coop,1.0,0.0,4,N,500.0,0.1,fermi,0.9525232,0.16396874347918086,10.03072190284729
BA,16,coop,1.0,0.0,4,N,1000.0,0.1,fermi,0.9788332,0.10320186478308942,38.74453902244568
BA,16,coop,1.0,0.0,4,N,2000.0,0.1,fermi,0.97065315,0.12107569655922076,130.89096093177795
BA,16,coop,1.0,0.0,4,K,0.05,0.05,fermi,0.9788332,0.10320186478308942,33.777955055236816
BA,16,coop,1.0,0.0,4,K,0.2,0.2,fermi,0.9677575,0.1305514489423982,34.05180883407593
BA,16,coop,1.0,0.0,4,async,1.0,0.1,fermi_async,0.9574482000000001,0.14937747838021745,38.849570989608765
BA,16,defect,2.0,0.6,1,N,250.0,0.1,fermi,0.0,0.0,0.981348991394043
BA,16,defect,2.0,0.6,1,N,500.0,0.1,fermi,0.0,0.0,1.6509168148040771
BA,16,defect,2.0,0.6,1,N,1000.0,0.1,fermi,0.0025061999999999997,0.01108580927277405,3.2334117889404297
BA,16,defect,2.0,0.6,1,N,2000.0,0.1,fermi,0.04063185,0.032813327943609256,6.087800025939941
BA,16,defect,2.0,0.6,1,K,0.05,0.05,fermi,0.0025061999999999997,0.01108580927277405,3.343656301498413
BA,16,defect,2.0,0.6,1,K,0.2,0.2,fermi,0.003347399999999998,0.011464174730988104,3.50312876701355
BA,16,defect,2.0,0.6,1,async,1.0,0.1,fermi_async,0.0028228,0.010494857237925842,6.137315034866333
BA,16,defect,2.0,0.6,4,N,250.0,0.1,fermi,0.0,0.0,2.765556812286377
BA,16,defect,2.0,0.6,4,N,500.0,0.1,fermi,0.0,0.0,8.44709300994873
BA,16,defect,2.0,0.6,4,N,1000.0,0.1,fermi,0.0032495999999999988,0.012104549184066908,30.17857837677002
BA,16,defect,2.0,0.6,4,N,2000.0,0.1,fermi,0.03392315,0.031254301680938755,134.05580592155457
BA,16,defect,2.0,0.6,4,K,0.05,0.05,fermi,0.0028613999999999983,0.011562621598159396,29.86161732673645
BA,16,defect,2.0,0.6,4,K,0.2,0.2,fermi,0.002260799999999999,0.00967351217176955,34.465086936950684
BA,16,defect,2.0,0.6,4,async,1.0,0.1,fermi_async,0.0035741999999999996,0.011726604663298449,32.50579595565796
BA,16,transition,1.7,0.2,1,N,250.0,0.1,fermi,0.05,0.21904291355759029,0.9661412239074707
BA,16,transition,1.7,0.2,1,N,500.0,0.1,fermi,0.0913888,0.28735166521455163,1.6294829845428467
BA,16,transition,1.7,0.2,1,N,1000.0,0.1,fermi,0.10463160000000002,0.2523619650411574,3.6119909286499023
BA,16,transition,1.7,0.2,1,N,2000.0,0.1,fermi,0.18757729999999997,0.2763552109530761,6.414865970611572
BA,16,transition,1.7,0.2,1,K,0.05,0.05,fermi,0.09283340000000001,0.23420000073846925,3.849742889404297
BA,16,transition,1.7,0.2,1,K,0.2,0.2,fermi,0.0820257,0.236198801792456,3.6483750343322754
BA,16,transition,1.7,0.2,1,async,1.0,0.1,fermi_async,0.1340222,0.29375616044115793,7.849131107330322
BA,16,transition,1.7,0.2,4,N,250.0,0.1,fermi,0.26,0.4408440022768081,2.623567819595337
BA,16,transition,1.7,0.2,4,N,500.0,0.1,fermi,0.42092979999999997,0.49533638837913463,8.37135910987854
BA,16,transition,1.7,0.2,4,N,1000.0,0.1,fermi,0.4720948,0.49041923621062633,33.634820222854614
BA,16,transition,1.7,0.2,4,N,2000.0,0.1,fermi,0.5580832,0.44801498176581805,143.24810814857483
BA,16,transition,1.7,0.2,4,K,0.05,0.05,fermi,0.433387,0.47639803858398355,34.35768723487854
BA,16,transition,1.7,0.2,4,K,0.2,0.2,fermi,0.4141045,0.4818167279223586,33.56665301322937
BA,16,transition,1.7,0.2,4,async,1.0,0.1,fermi_async,0.43993859999999996,0.4801398372781148,38.84840989112854
BA,16,bistable,1.8,0.1,1,N,250.0,0.1,fermi,0.01,0.09999999999999999,1.0029020309448242
BA,16,bistable,1.8,0.1,1,N,500.0,0.1,fermi,0.06,0.238683256575942,1.623119831085205
BA,16,bistable,1.8,0.1,1,N,1000.0,0.1,fermi,0.10564079999999999,0.28410767012098737,3.397632122039795
BA,16,bistable,1.8,0.1,1,N,2000.0,0.1,fermi,0.18175090000000005,0.3054565442703195,6.938683986663818
BA,16,bistable,1.8,0.1,1,K,0.05,0.05,fermi,0.09970559999999999,0.26871188400345614,3.7113189697265625
BA,16,bistable,1.8,0.1,1,K,0.2,0.2,fermi,0.12054450000000001,0.31175605206757023,3.6238269805908203
BA,16,bistable,1.8,0.1,1,async,1.0,0.1,fermi_async,0.1383765,0.32151496842599675,6.732738256454468
BA,16,bistable,1.8,0.1,4,N,250.0,0.1,fermi,0.21,0.40936018074033237,2.6436169147491455
BA,16,bistable,1.8,0.1,4,N,500.0,0.1,fermi,0.37,0.4852365870939097,8.339557886123657
BA,16,bistable,1.8,0.1,4,N,1000.0,0.1,fermi,0.47612750000000004,0.49622415056177754,32.01193022727966
BA,16,bistable,1.8,0.1,4,N,2000.0,0.1,fermi,0.58124915,0.46099012566445363,136.7143120765686
BA,16,bistable,1.8,0.1,4,K,0.05,0.05,fermi,0.4461011,0.4937301807297425,32.05742788314819
BA,16,bistable,1.8,0.1,4,K,0.2,0.2,fermi,0.48364989999999997,0.4988014430845427,32.94436001777649
BA,16,bistable,1.8,0.1,4,async,1.0,0.1,fermi_async,0.48784459999999996,0.4950882802197497,35.05782222747803
ER,4,coop,1.0,0.0,1,N,250.0,0.1,fermi,1.0,0.0,0.6756079196929932
ER,4,coop,1.0,0.0,1,N,500.0,0.1,fermi,1.0,0.0,1.117264747619629
ER,4,coop,1.0,0.0,1,N,1000.0,0.1,fermi,1.0,0.0,2.598155975341797
ER,4,coop,1.0,0.0,1,N,2000.0,0.1,fermi,0.999970489296636,0.0002951070336391747,3.6673078536987305
ER,4,coop,1.0,0.0,1,K,0.05,0.05,fermi,1.0,0.0,2.6048200130462646
ER,4,coop,1.0,0.0,1,K,0.2,0.2,fermi,1.0,0.0,2.6209867000579834
ER,4,coop,1.0,0.0,1,async,1.0,0.1,fermi_async,1.0,0.0,4.203550815582275
ER,4,coop,1.0,0.0,4,N,250.0,0.1,fermi,1.0,0.0,1.7659950256347656
ER,4,coop,1.0,0.0,4,N,500.0,0.1,fermi,1.0,0.0,4.280619144439697
ER,4,coop,1.0,0.0,4,N,1000.0,0.1,fermi,1.0,0.0,9.936236143112183
ER,4,coop,1.0,0.0,4,N,2000.0,0.1,fermi,0.999970489296636,0.0002951070336391747,21.89156723022461
ER,4,coop,1.0,0.0,4,K,0.05,0.05,fermi,1.0,0.0,10.373595952987671
ER,4,coop,1.0,0.0,4,K,0.2,0.2,fermi,1.0,0.0,9.939941883087158
ER,4,coop,1.0,0.0,4,async,1.0,0.1,fermi_async,1.0,0.0,11.674030065536499
ER,4,defect,1.7,0.5,1,N,250.0,0.1,fermi,0.00021374999999999975,0.002137499999999997,0.9098927974700928
ER,4,defect,1.7,0.5,1,N,500.0,0.1,fermi,0.0,0.0,1.33565092086792
ER,4,defect,1.7,0.5,1,N,1000.0,0.1,fermi,0.0004608562691131499,0.0018273529448760253,3.1898586750030518
ER,4,defect,1.7,0.5,1,N,2000.0,0.1,fermi,1.7584097859327232e-05,0.00016537619582286363,4.489962100982666
ER,4,defect,1.7,0.5,1,K,0.05,0.05,fermi,0.017237920489296635,0.013065456686641264,3.073767900466919
ER,4,defect,1.7,0.5,1,K,0.2,0.2,fermi,0.0,0.0,3.033834934234619
ER,4,defect,1.7,0.5,1,async,1.0,0.1,fermi_async,0.001554026503567788,0.004725339311641652,4.834706783294678
ER,4,defect,1.7,0.5,4,N,250.0,0.1,fermi,0.060213749999999996,0.23863854840540297,1.8636970520019531
ER,4,defect,1.7,0.5,4,N,500.0,0.1,fermi,0.01,0.09999999999999999,4.471408128738403
ER,4,defect,1.7,0.5,4,N,1000.0,0.1,fermi,0.011042711518858307,0.09993740690634903,10.292185068130493
ER,4,defect,1.7,0.5,4,N,2000.0,0.1,fermi,5.000000000000004e-05,0.0002798654607501209,22.33069610595703
ER,4,defect,1.7,0.5,4,K,0.05,0.05,fermi,0.01641508664627931,0.012278183811421258,10.33106780052185
ER,4,defect,1.7,0.5,4,K,0.2,0.2,fermi,0.0,0.0,10.29265284538269
ER,4,defect,1.7,0.5,4,async,1.0,0.1,fermi_async,0.04261661569826708,0.19651097265657588,12.084778070449829
ER,4,transition,1.7,0.4,1,N,250.0,0.1,fermi,0.00021374999999999975,0.002137499999999997,0.7939839363098145
ER,4,transition,1.7,0.4,1,N,500.0,0.1,fermi,0.0,0.0,1.292330026626587
ER,4,transition,1.7,0.4,1,N,1000.0,0.1,fermi,0.0005273190621814477,0.0019557116670725384,2.9867937564849854
ER,4,transition,1.7,0.4,1,N,2000.0,0.1,fermi,7.879714576962286e-05,0.0003185261740171563,4.3462018966674805
ER,4,transition,1.7,0.4,1,K,0.05,0.05,fermi,0.01667257900101937,0.013377681750260583,2.9957869052886963
ER,4,transition,1.7,0.4,1,K,0.2,0.2,fermi,0.0,0.0,3.0174739360809326
ER,4,transition,1.7,0.4,1,async,1.0,0.1,fermi_async,0.001516921508664628,0.004956961473980396,4.798525810241699
ER,4,transition,1.7,0.4,4,N,250.0,0.1,fermi,0.3907570833333333,0.48961802395381265,1.8368473052978516
ER,4,transition,1.7,0.4,4,N,500.0,0.1,fermi,0.5311121951219512,0.5005027022988747,4.415607929229736
ER,4,transition,1.7,0.4,4,N,1000.0,0.1,fermi,0.6026305810397554,0.48924298115461695,10.333250999450684
ER,4,transition,1.7,0.4,4,N,2000.0,0.1,fermi,0.6500101936799183,0.47916129699155385,22.61912965774536
ER,4,transition,1.7,0.4,4,K,0.05,0.05,fermi,0.6572075433231396,0.4695807370617257,10.417922973632812
ER,4,transition,1.7,0.4,4,K,0.2,0.2,fermi,0.5200450560652395,0.5020697994323335,10.219407081604004
ER,4,transition,1.7,0.4,4,async,1.0,0.1,fermi_async,0.8612760448521916,0.3455963251057376,11.736432075500488
ER,16,coop,1.2,0.0,1,N,250.0,0.1,fermi,0.0,0.0,0.9813051223754883
ER,16,coop,1.2,0.0,1,N,500.0,0.1,fermi,0.05677560000000001,0.08746020262422623,2.152379035949707
ER,16,coop,1.2,0.0,1,N,1000.0,0.1,fermi,0.2295145,0.024347791776543896,5.334551811218262
ER,16,coop,1.2,0.0,1,N,2000.0,0.1,fermi,0.2383256,0.01791829860474731,7.982249975204468
ER,16,coop,1.2,0.0,1,K,0.05,0.05,fermi,0.2714475,0.02692912547294051,5.474845886230469
ER,16,coop,1.2,0.0,1,K,0.2,0.2,fermi,0.1606275,0.030155573496101644,5.002027988433838
ER,16,coop,1.2,0.0,1,async,1.0,0.1,fermi_async,0.3936188,0.22555097061644444,9.831860065460205
ER,16,coop,1.2,0.0,4,N,250.0,0.1,fermi,0.32,0.4688261722621506,2.677932024002075
ER,16,coop,1.2,0.0,4,N,500.0,0.1,fermi,0.9594324000000001,0.19685002693749606,8.56275725364685
ER,16,coop,1.2,0.0,4,N,1000.0,0.1,fermi,0.9984317999999999,0.004137483834995522,30.087947130203247
ER,16,coop,1.2,0.0,4,N,2000.0,0.1,fermi,0.9997375500000001,0.0014815690043485724,111.6529369354248
ER,16,coop,1.2,0.0,4,K,0.05,0.05,fermi,0.9978736,0.0048127011084833655,29.877415895462036
ER,16,coop,1.2,0.0,4,K,0.2,0.2,fermi,0.9971012,0.0057988308260800365,30.038928270339966
ER,16,coop,1.2,0.0,4,async,1.0,0.1,fermi_async,0.9959249,0.006412650454257347,32.3519811630249
ER,16,defect,1.4,0.1,1,N,250.0,0.1,fermi,0.0,0.0,1.0102620124816895
ER,16,defect,1.4,0.1,1,N,500.0,0.1,fermi,0.0,0.0,1.6898181438446045
ER,16,defect,1.4,0.1,1,N,1000.0,0.1,fermi,0.0,0.0,3.24454402923584
ER,16,defect,1.4,0.1,1,N,2000.0,0.1,fermi,0.00790405,0.013581025658129346,5.707190036773682
ER,16,defect,1.4,0.1,1,K,0.05,0.05,fermi,0.0005389999999999998,0.0040850863274881095,3.2911810874938965
ER,16,defect,1.4,0.1,1,K,0.2,0.2,fermi,0.0,0.0,3.2259702682495117
ER,16,defect,1.4,0.1,1,async,1.0,0.1,fermi_async,0.0032399,0.011090188082583212,5.708707094192505
ER,16,defect,1.4,0.1,4,N,250.0,0.1,fermi,0.0,0.0,2.6826303005218506
ER,16,defect,1.4,0.1,4,N,500.0,0.1,fermi,0.0,0.0,8.354226112365723
ER,16,defect,1.4,0.1,4,N,1000.0,0.1,fermi,0.01,0.09999999999999999,29.285924911499023
ER,16,defect,1.4,0.1,4,N,2000.0,0.1,fermi,0.011221950000000001,0.014582629418422815,116.4724771976471
ER,16,defect,1.4,0.1,4,K,0.05,0.05,fermi,0.0008346999999999997,0.004787835270323903,29.524911165237427
ER,16,defect,1.4,0.1,4,K,0.2,0.2,fermi,0.0,0.0,29.08566904067993
ER,16,defect,1.4,0.1,4,async,1.0,0.1,fermi_async,0.12628349999999997,0.3227002498218756,33.78585886955261
ER,16,transition,1.2,0.4,1,N,250.0,0.1,fermi,0.0,0.0,1.0001659393310547
ER,16,transition,1.2,0.4,1,N,500.0,0.1,fermi,0.002481399999999999,0.012554324863077134,1.701355218887329
ER,16,transition,1.2,0.4,1,N,1000.0,0.1,fermi,0.10637910000000002,0.0339677764143512,3.8196818828582764
ER,16,transition,1.2,0.4,1,N,2000.0,0.1,fermi,0.12284420000000001,0.007115139844732574,6.067260980606079
ER,16,transition,1.2,0.4,1,K,0.05,0.05,fermi,0.11693660000000003,0.03127499589322455,3.765655994415283
ER,16,transition,1.2,0.4,1,K,0.2,0.2,fermi,0.08242390000000002,0.03527830004880243,3.7836670875549316
ER,16,transition,1.2,0.4,1,async,1.0,0.1,fermi_async,0.15213629999999997,0.008258845231359857,6.322378873825073
ER,16,transition,1.2,0.4,4,N,250.0,0.1,fermi,0.12,0.32659863237109044,2.64030122756958
ER,16,transition,1.2,0.4,4,N,500.0,0.1,fermi,0.2419182,0.42736949251920314,8.619351863861084
ER,16,transition,1.2,0.4,4,N,1000.0,0.1,fermi,0.5897393999999999,0.44515857910995255,32.274768352508545
ER,16,transition,1.2,0.4,4,N,2000.0,0.1,fermi,0.7633326999999999,0.390904885784912,113.45091485977173
ER,16,transition,1.2,0.4,4,K,0.05,0.05,fermi,0.6468651999999999,0.4339778662290593,36.08503317832947
ER,16,transition,1.2,0.4,4,K,0.2,0.2,fermi,0.6210888,0.45404659360488764,32.256098985672
ER,16,transition,1.2,0.4,4,async,1.0,0.1,fermi_async,0.9621826,0.16644727549721094,32.237494707107544
ER,16,bistable,1.3,0.2,1,N,250.0,0.1,fermi,0.0,0.0,0.9713971614837646
ER,16,bistable,1.3,0.2,1,N,500.0,0.1,fermi,0.0,0.0,1.6676759719848633
ER,16,bistable,1.3,0.2,1,N,1000.0,0.1,fermi,0.013652199999999998,0.023172238640147818,3.3353140354156494
ER,16,bistable,1.3,0.2,1,N,2000.0,0.1,fermi,0.05903495000000001,0.013666433248099063,5.73442268371582
ER,16,bistable,1.3,0.2,1,K,0.05,0.05,fermi,0.0253247,0.031200394469631406,3.4308559894561768
ER,16,bistable,1.3,0.2,1,K,0.2,0.2,fermi,0.0005306999999999998,0.005306999999999998,3.245083808898926
ER,16,bistable,1.3,0.2,1,async,1.0,0.1,fermi_async,0.06981310000000002,0.021815512907659138,6.0386481285095215
ER,16,bistable,1.3,0.2,4,N,250.0,0.1,fermi,0.1,0.30151134457776363,2.6456968784332275
ER,16,bistable,1.3,0.2,4,N,500.0,0.1,fermi,0.17985059999999997,0.38580519724054796,8.364563226699829
ER,16,bistable,1.3,0.2,4,N,1000.0,0.1,fermi,0.4472496,0.4907310678728176,31.019767999649048
ER,16,bistable,1.3,0.2,4,N,2000.0,0.1,fermi,0.48183280000000006,0.47038796634853997,116.67307806015015
ER,16,bistable,1.3,0.2,4,K,0.05,0.05,fermi,0.7057587,0.44924446048681665,30.224040985107422
ER,16,bistable,1.3,0.2,4,K,0.2,0.2,fermi,0.17106719999999995,0.3759474617874205,29.37924575805664
ER,16,bistable,1.3,0.2,4,async,1.0,0.1,fermi_async,0.959509,0.18561792037582595,31.86068630218506
