topo,z,b,theta,L,sweep,value,K,update_rule,rho_mean,rho_std,seconds
BA,4,1.8,0.3,1,N,250.0,0.1,fermi,0.8001756,0.1781407990537686,1.2644920349121094
BA,4,1.8,0.3,1,N,500.0,0.1,fermi,0.8588174,0.1000958461344612,1.5710673332214355
BA,4,1.8,0.3,1,N,1000.0,0.1,fermi,0.814549,0.14498629833208515,3.634510040283203
BA,4,1.8,0.3,1,N,2000.0,0.1,fermi,0.8304647,0.11942425886927145,4.854659080505371
BA,4,1.8,0.3,1,K,0.05,0.05,fermi,0.8191290999999999,0.13893872200693075,3.8037121295928955
BA,4,1.8,0.3,1,K,0.2,0.2,fermi,0.8326835000000001,0.11331497964911248,3.8093068599700928
BA,4,1.8,0.3,1,async,1.0,0.1,fermi_async,0.8469124999999998,0.14084279333746902,6.28941798210144
BA,4,1.8,0.3,4,N,250.0,0.1,fermi,0.9856456,0.10416604305578184,2.507798194885254
BA,4,1.8,0.3,4,N,500.0,0.1,fermi,0.9973204,0.026796000000000056,6.570563077926636
BA,4,1.8,0.3,4,N,1000.0,0.1,fermi,0.9977148,0.016080881897018513,19.928390979766846
BA,4,1.8,0.3,4,N,2000.0,0.1,fermi,0.99958685,0.0021554273352341505,57.42164397239685
BA,4,1.8,0.3,4,K,0.05,0.05,fermi,0.9977048,0.016152001063132505,19.776665687561035
BA,4,1.8,0.3,4,K,0.2,0.2,fermi,0.9986537,0.013463000000000008,19.839395761489868
BA,4,1.8,0.3,4,async,1.0,0.1,fermi_async,0.9989712000000001,0.010287999999999993,22.132825136184692
BA,4,2.0,0.3,1,N,250.0,0.1,fermi,0.5793252,0.3222994352345112,0.9825427532196045
BA,4,2.0,0.3,1,N,500.0,0.1,fermi,0.6706532,0.1990457608056677,1.8273749351501465
BA,4,2.0,0.3,1,N,1000.0,0.1,fermi,0.6552868,0.15012749466471162,3.7803547382354736
BA,4,2.0,0.3,1,N,2000.0,0.1,fermi,0.6694700000000001,0.1481960465093793,4.871983051300049
BA,4,2.0,0.3,1,K,0.05,0.05,fermi,0.6540511999999999,0.14690157439646997,3.871572971343994
BA,4,2.0,0.3,1,K,0.2,0.2,fermi,0.6485919,0.15425854449228663,3.876645088195801
BA,4,2.0,0.3,1,async,1.0,0.1,fermi_async,0.725035,0.18291246250708024,7.132648944854736
BA,4,2.0,0.3,4,N,250.0,0.1,fermi,0.9543312,0.17092860770473386,2.4664220809936523
BA,4,2.0,0.3,4,N,500.0,0.1,fermi,0.9916316000000001,0.058893329366565654,6.674628019332886
BA,4,2.0,0.3,4,N,1000.0,0.1,fermi,0.9988795,0.011205000000000008,20.260458946228027
BA,4,2.0,0.3,4,N,2000.0,0.1,fermi,0.9988402999999999,0.008579574693963114,57.630775928497314
BA,4,2.0,0.3,4,K,0.05,0.05,fermi,0.9977012,0.016177738806424355,19.886587858200073
BA,4,2.0,0.3,4,K,0.2,0.2,fermi,0.9986517,0.013483000000000028,19.95451283454895
BA,4,2.0,0.3,4,async,1.0,0.1,fermi_async,0.9979023000000001,0.014760384589922551,22.14224100112915
BA,16,1.5,0.3,1,N,250.0,0.1,fermi,0.01,0.1,1.040297269821167
BA,16,1.5,0.3,1,N,500.0,0.1,fermi,0.0404614,0.12257306076909001,2.0495851039886475
BA,16,1.5,0.3,1,N,1000.0,0.1,fermi,0.17053909999999997,0.11652611961147197,5.919250965118408
BA,16,1.5,0.3,1,N,2000.0,0.1,fermi,0.25953355,0.183788623841859,11.042673110961914
BA,16,1.5,0.3,1,K,0.05,0.05,fermi,0.1435012,0.13523866874454946,6.172783136367798
BA,16,1.5,0.3,1,K,0.2,0.2,fermi,0.1685703,0.15692268871403658,5.605425119400024
BA,16,1.5,0.3,1,async,1.0,0.1,fermi_async,0.1846866,0.16434672583709642,11.597852945327759
BA,16,1.5,0.3,4,N,250.0,0.1,fermi,0.35,0.4793724854411022,2.793370008468628
BA,16,1.5,0.3,4,N,500.0,0.1,fermi,0.48196960000000005,0.4924998899121448,9.390775918960571
BA,16,1.5,0.3,4,N,1000.0,0.1,fermi,0.6144681,0.4374600456554157,35.88691997528076
BA,16,1.5,0.3,4,N,2000.0,0.1,fermi,0.7175195999999999,0.37945482612164794,150.71545219421387
BA,16,1.5,0.3,4,K,0.05,0.05,fermi,0.6065404,0.4319040424289926,42.49746298789978
BA,16,1.5,0.3,4,K,0.2,0.2,fermi,0.6110848,0.43183595693969284,40.38329601287842
BA,16,1.5,0.3,4,async,1.0,0.1,fermi_async,0.5979689,0.4299829215962354,44.8796808719635
BA,16,1.7,0.3,1,N,250.0,0.1,fermi,0.01,0.1,1.0241310596466064
BA,16,1.7,0.3,1,N,500.0,0.1,fermi,0.001662799999999999,0.012391877437428207,1.778149127960205
BA,16,1.7,0.3,1,N,1000.0,0.1,fermi,0.031789500000000005,0.04460611532054657,3.82666277885437
BA,16,1.7,0.3,1,N,2000.0,0.1,fermi,0.0986428,0.04877264293793719,7.837046146392822
BA,16,1.7,0.3,1,K,0.05,0.05,fermi,0.0280222,0.035779732160749186,3.63651180267334
BA,16,1.7,0.3,1,K,0.2,0.2,fermi,0.0331964,0.05034939114755305,3.929023027420044
BA,16,1.7,0.3,1,async,1.0,0.1,fermi_async,0.052591800000000015,0.05528750770145444,7.583920001983643
BA,16,1.7,0.3,4,N,250.0,0.1,fermi,0.25,0.4351941398892446,2.74399995803833
BA,16,1.7,0.3,4,N,500.0,0.1,fermi,0.3828042,0.4858915332699202,8.420505046844482
BA,16,1.7,0.3,4,N,1000.0,0.1,fermi,0.41604740000000007,0.48035299980057805,32.44413995742798
BA,16,1.7,0.3,4,N,2000.0,0.1,fermi,0.50726405,0.4485632962540634,150.61018919944763
BA,16,1.7,0.3,4,K,0.05,0.05,fermi,0.41532179999999996,0.4809531319705516,32.127986907958984
BA,16,1.7,0.3,4,K,0.2,0.2,fermi,0.4460673,0.4844479315609124,33.620930910110474
BA,16,1.7,0.3,4,async,1.0,0.1,fermi_async,0.45217690000000005,0.4794690672819174,37.51978278160095
ER,4,1.4,0.3,1,N,250.0,0.1,fermi,0.038079166666666664,0.10900508071348054,0.9591219425201416
ER,4,1.4,0.3,1,N,500.0,0.1,fermi,0.07580243902439025,0.0715646572682296,2.008193016052246
ER,4,1.4,0.3,1,N,1000.0,0.1,fermi,0.2220120285423038,0.02625496682631206,4.640544176101685
ER,4,1.4,0.3,1,N,2000.0,0.1,fermi,0.2099703873598369,0.01802591557705415,6.400176763534546
ER,4,1.4,0.3,1,K,0.05,0.05,fermi,0.25801712538226296,0.02246360001818501,4.413637161254883
ER,4,1.4,0.3,1,K,0.2,0.2,fermi,0.11623425076452598,0.06603655955205032,4.265625953674316
ER,4,1.4,0.3,1,async,1.0,0.1,fermi_async,0.3021958205912334,0.020626262095488828,6.773762941360474
ER,4,1.4,0.3,4,N,250.0,0.1,fermi,0.94,0.23868325657594203,1.9060449600219727
ER,4,1.4,0.3,4,N,500.0,0.1,fermi,0.9903298780487805,0.09670121951219514,4.4073240756988525
ER,4,1.4,0.3,4,N,1000.0,0.1,fermi,1.0,0.0,9.778999090194702
ER,4,1.4,0.3,4,N,2000.0,0.1,fermi,0.999970489296636,0.0002951070336391747,21.532219171524048
ER,4,1.4,0.3,4,K,0.05,0.05,fermi,1.0,0.0,9.889549016952515
ER,4,1.4,0.3,4,K,0.2,0.2,fermi,1.0,0.0,9.783111810684204
ER,4,1.4,0.3,4,async,1.0,0.1,fermi_async,1.0,0.0,11.457459926605225
ER,4,1.6,0.3,1,N,250.0,0.1,fermi,0.0038870833333333327,0.0108572374434383,0.8173880577087402
ER,4,1.6,0.3,1,N,500.0,0.1,fermi,0.000709146341463415,0.003545943739231915,1.4880139827728271
ER,4,1.6,0.3,1,N,1000.0,0.1,fermi,0.008217023445463816,0.011335311057356206,3.0526111125946045
ER,4,1.6,0.3,1,N,2000.0,0.1,fermi,0.0013921508664627934,0.0026793905280021895,4.377254009246826
ER,4,1.6,0.3,1,K,0.05,0.05,fermi,0.025146992864424057,0.012666526299711772,3.0664381980895996
ER,4,1.6,0.3,1,K,0.2,0.2,fermi,0.0,0.0,3.0375020503997803
ER,4,1.6,0.3,1,async,1.0,0.1,fermi_async,0.012220387359836903,0.013676061220366777,4.748048782348633
ER,4,1.6,0.3,4,N,250.0,0.1,fermi,0.9101833333333335,0.2858664608125766,1.896092176437378
ER,4,1.6,0.3,4,N,500.0,0.1,fermi,0.99,0.1,4.427767753601074
ER,4,1.6,0.3,4,N,1000.0,0.1,fermi,1.0,0.0,9.871848106384277
ER,4,1.6,0.3,4,N,2000.0,0.1,fermi,0.9999083588175333,0.0005383289930945227,21.374239921569824
ER,4,1.6,0.3,4,K,0.05,0.05,fermi,1.0,0.0,9.80393123626709
ER,4,1.6,0.3,4,K,0.2,0.2,fermi,1.0,0.0,9.862417221069336
ER,4,1.6,0.3,4,async,1.0,0.1,fermi_async,1.0,0.0,11.467395067214966
ER,16,1.1,0.3,1,N,250.0,0.1,fermi,0.0,0.0,1.0343451499938965
ER,16,1.1,0.3,1,N,500.0,0.1,fermi,0.19026020000000007,0.12404377065513379,3.1536471843719482
ER,16,1.1,0.3,1,N,1000.0,0.1,fermi,0.32658019999999993,0.028446817861128904,5.165331840515137
ER,16,1.1,0.3,1,N,2000.0,0.1,fermi,0.33751415,0.02033228796437236,8.823170900344849
ER,16,1.1,0.3,1,K,0.05,0.05,fermi,0.3628474,0.025836821919676792,5.1136860847473145
ER,16,1.1,0.3,1,K,0.2,0.2,fermi,0.2632132,0.025016136928556375,5.421144008636475
ER,16,1.1,0.3,1,async,1.0,0.1,fermi_async,0.41114870000000003,0.016185892576405826,7.554407119750977
ER,16,1.1,0.3,4,N,250.0,0.1,fermi,0.51,0.5024183937956914,2.7326440811157227
ER,16,1.1,0.3,4,N,500.0,0.1,fermi,0.8623576000000002,0.30894163244996375,10.314498901367188
ER,16,1.1,0.3,4,N,1000.0,0.1,fermi,0.9916578,0.06694798370663484,29.724031925201416
ER,16,1.1,0.3,4,N,2000.0,0.1,fermi,0.99982405,0.0011895151577874386,108.87763214111328
ER,16,1.1,0.3,4,K,0.05,0.05,fermi,0.9848905000000001,0.09001648960472507,29.410281896591187
ER,16,1.1,0.3,4,K,0.2,0.2,fermi,0.9972926999999998,0.005651482303991062,29.022671699523926
ER,16,1.1,0.3,4,async,1.0,0.1,fermi_async,0.9960622999999998,0.006419476024906205,31.329104900360107
ER,16,1.2,0.3,1,N,250.0,0.1,fermi,0.0,0.0,1.062544822692871
ER,16,1.2,0.3,1,N,500.0,0.1,fermi,0.0012431999999999999,0.012431999999999999,1.7962398529052734
ER,16,1.2,0.3,1,N,1000.0,0.1,fermi,0.10457780000000003,0.03518548583283922,4.085150957107544
ER,16,1.2,0.3,1,N,2000.0,0.1,fermi,0.12402015000000001,0.007985618969798653,6.419219017028809
ER,16,1.2,0.3,1,K,0.05,0.05,fermi,0.11270019999999999,0.03758764900250285,4.103693008422852
ER,16,1.2,0.3,1,K,0.2,0.2,fermi,0.078576,0.03832223283282082,4.0477917194366455
ER,16,1.2,0.3,1,async,1.0,0.1,fermi_async,0.15014099999999997,0.008851834883688283,6.141888856887817
ER,16,1.2,0.3,4,N,250.0,0.1,fermi,0.22,0.4163331998932266,2.7552120685577393
ER,16,1.2,0.3,4,N,500.0,0.1,fermi,0.6708838,0.46996871295558734,8.470005989074707
ER,16,1.2,0.3,4,N,1000.0,0.1,fermi,0.9264798999999999,0.24427752210766468,29.699350118637085
ER,16,1.2,0.3,4,N,2000.0,0.1,fermi,0.9996758,0.001610546478558084,107.96345376968384
ER,16,1.2,0.3,4,K,0.05,0.05,fermi,0.9178607,0.25632048395605184,28.855823040008545
ER,16,1.2,0.3,4,K,0.2,0.2,fermi,0.9139955999999999,0.2688531416750142,29.31135606765747
ER,16,1.2,0.3,4,async,1.0,0.1,fermi_async,0.9960928999999998,0.006349489487949206,30.698075771331787
